[
  {
    "id": 1,
    "nombre": "Campo de alcachofas",
    "color": "#3fc048",
    "vertices": [
      {
        "lat": 38.99574370819,
        "lng": -0.17884278223
      },
      {
        "lat": 38.99557694053,
        "lng": -0.16709113046
      },
      {
        "lat": 38.99357013889,
        "lng": -0.16756319925
      },
      {
        "lat": 38.99314486752,
        "lng": -0.17780208513
      },
      {
        "lat": 38.99352010710,
        "lng": -0.17782711908
      }
    ]
  },
  {
    "id": 6,
    "nombre": "Campo de trigo",
    "color": "#ff8000",
    "vertices": [
      {
        "lat": 39.03081634558,
        "lng": -0.23717880249
      },
      {
        "lat": 39.03073717026,
        "lng": -0.23545324802
      },
      {
        "lat": 39.03161434444,
        "lng": -0.23424714804
      },
      {
        "lat": 39.03160809384,
        "lng": -0.23295521737
      },
      {
        "lat": 39.03236649702,
        "lng": -0.23117780685
      },
      {
        "lat": 39.03050519998,
        "lng": -0.23063063621
      },
      {
        "lat": 39.02909669337,
        "lng": -0.23297309875
      },
      {
        "lat": 39.02913836556,
        "lng": -0.23335218429
      },
      {
        "lat": 39.02845493844,
        "lng": -0.23529767990
      },
      {
        "lat": 39.02848827650,
        "lng": -0.23595571518
      }
    ]
  }
]