[
  {
    "id": 1,
    "lat": 38.99522308750,
    "lng": -0.17816305161
  },
  {
    "id": 2,
    "lat": 38.99352202642,
    "lng": -0.17717599869
  },
  {
    "id": 3,
    "lat": 38.99405569704,
    "lng": -0.17204761505
  },
  {
    "id": 4,
    "lat": 38.99512302622,
    "lng": -0.16882896423
  },
  {
    "id": 5,
    "lat": 39.03048587464,
    "lng": -0.23528337479
  },
  {
    "id": 6,
    "lat": 39.03086091615,
    "lng": -0.23313760757
  },
  {
    "id": 7,
    "lat": 39.02931906610,
    "lng": -0.23413538933
  },
  {
    "id": 8,
    "lat": 39.02995247884,
    "lng": -0.23240804672
  }
]