-- phpMyAdmin SQL Dump
-- version 5.0.1
-- https://www.phpmyadmin.net/
--
-- Servidor: 127.0.0.1
-- Tiempo de generación: 02-04-2020 a las 22:42:24
-- Versión del servidor: 10.4.11-MariaDB
-- Versión de PHP: 7.4.1

SET SQL_MODE = "NO_AUTO_VALUE_ON_ZERO";
SET AUTOCOMMIT = 0;
START TRANSACTION;
SET time_zone = "+00:00";


/*!40101 SET @OLD_CHARACTER_SET_CLIENT=@@CHARACTER_SET_CLIENT */;
/*!40101 SET @OLD_CHARACTER_SET_RESULTS=@@CHARACTER_SET_RESULTS */;
/*!40101 SET @OLD_COLLATION_CONNECTION=@@COLLATION_CONNECTION */;
/*!40101 SET NAMES utf8mb4 */;

--
-- Base de datos: `bd_tgc`
--

-- --------------------------------------------------------

--
-- Estructura de tabla para la tabla `campo`
--

CREATE TABLE `campo` (
  `id_campo` int(11) NOT NULL,
  `nombre` varchar(40) NOT NULL,
  `id_cliente` int(11) NOT NULL
) ENGINE=InnoDB DEFAULT CHARSET=utf8mb4;

--
-- Volcado de datos para la tabla `campo`
--

INSERT INTO `campo` (`id_campo`, `nombre`, `id_cliente`) VALUES
(1, 'Campo ', 1),
(2, 'Camposanto', 3),
(3, 'Campillo', 3);

-- --------------------------------------------------------

--
-- Estructura de tabla para la tabla `cliente`
--

CREATE TABLE `cliente` (
  `id_cliente` int(11) NOT NULL,
  `nombre` varchar(40) NOT NULL,
  `telefono` varchar(12) DEFAULT NULL,
  `mail` varchar(60) NOT NULL,
  `password` varchar(30) NOT NULL
) ENGINE=InnoDB DEFAULT CHARSET=utf8mb4;

--
-- Volcado de datos para la tabla `cliente`
--

INSERT INTO `cliente` (`id_cliente`, `nombre`, `telefono`, `mail`, `password`) VALUES
(1, 'Bancal', '655 555 555', 'bancales@bancal.es', '1234'),
(3, 'AlCampo', '666 666 666', 'alcampo.gerente@alcampo.es', '1234');

-- --------------------------------------------------------

--
-- Estructura de tabla para la tabla `coordenadas`
--

CREATE TABLE `coordenadas` (
  `id_coordenada` int(11) NOT NULL,
  `latitud` float DEFAULT NULL,
  `longitud` float DEFAULT NULL,
  `id_parcela` int(11) DEFAULT NULL
) ENGINE=InnoDB DEFAULT CHARSET=utf8mb4;

--
-- Volcado de datos para la tabla `coordenadas`
--

INSERT INTO `coordenadas` (`id_coordenada`, `latitud`, `longitud`, `id_parcela`) VALUES
(1, 63.8298, -22.6958, 1),
(2, 63.8298, -22.6981, 1),
(3, 63.8283, -22.6982, 1),
(4, 63.8281, -22.6933, 1),
(5, 63.8251, -22.7042, 2),
(6, 63.826, -22.6991, 2),
(7, 63.825, -22.6971, 2),
(8, 63.8239, -22.703, 2);

-- --------------------------------------------------------

--
-- Estructura de tabla para la tabla `medicion`
--

CREATE TABLE `medicion` (
  `id_medicion` int(11) NOT NULL,
  `medicion` varchar(40) NOT NULL,
  `fecha` date NOT NULL,
  `hora` time NOT NULL,
  `id_parcela` int(11) DEFAULT NULL,
  `id_sonda` int(11) NOT NULL
) ENGINE=InnoDB DEFAULT CHARSET=utf8mb4;

--
-- Volcado de datos para la tabla `medicion`
--

INSERT INTO `medicion` (`id_medicion`, `medicion`, `fecha`, `hora`, `id_parcela`, `id_sonda`) VALUES
(1, '13', '2020-03-11', '01:00:00', 2, 1),
(2, '12', '2020-03-11', '02:00:00', 2, 1),
(3, '12', '2020-03-11', '03:00:00', 2, 1),
(4, '11', '2020-03-11', '04:00:00', 2, 1),
(5, '14', '2020-03-11', '05:00:00', 2, 1),
(6, '15', '2020-03-11', '06:00:00', 2, 1),
(7, '16', '2020-03-11', '07:00:00', 2, 1),
(8, '17', '2020-03-11', '08:00:00', 2, 1),
(9, '17', '2020-03-11', '09:00:00', 2, 1),
(10, '18', '2020-03-11', '10:00:00', 2, 1),
(11, '21', '2020-03-11', '11:00:00', 2, 1),
(12, '22', '2020-03-11', '12:00:00', 2, 1),
(13, '23', '2020-03-11', '13:00:00', 2, 1),
(14, '23', '2020-03-11', '14:00:00', 2, 1),
(15, '23', '2020-03-11', '15:00:00', 2, 1),
(16, '22', '2020-03-11', '16:00:00', 2, 1),
(17, '23', '2020-03-11', '17:00:00', 2, 1),
(18, '21', '2020-03-11', '18:00:00', 2, 1),
(19, '19', '2020-03-11', '19:00:00', 2, 1),
(20, '18', '2020-03-11', '20:00:00', 2, 1),
(21, '16', '2020-03-11', '21:00:00', 2, 1),
(22, '15', '2020-03-11', '22:00:00', 2, 1),
(23, '14', '2020-03-11', '23:00:00', 2, 1),
(24, '13', '2020-03-11', '00:00:00', 2, 1),
(25, '0', '2020-03-11', '01:00:00', 2, 2),
(26, '0', '2020-03-11', '02:00:00', 2, 2),
(27, '0', '2020-03-11', '03:00:00', 2, 2),
(28, '0', '2020-03-11', '04:00:00', 2, 2),
(29, '0', '2020-03-11', '05:00:00', 2, 2),
(30, '7', '2020-03-11', '06:00:00', 2, 2),
(31, '12', '2020-03-11', '07:00:00', 2, 2),
(32, '19', '2020-03-11', '08:00:00', 2, 2),
(33, '25', '2020-03-11', '09:00:00', 2, 2),
(34, '37', '2020-03-11', '10:00:00', 2, 2),
(35, '54', '2020-03-11', '11:00:00', 2, 2),
(36, '72', '2020-03-11', '12:00:00', 2, 2),
(37, '79', '2020-03-11', '13:00:00', 2, 2),
(38, '81', '2020-03-11', '14:00:00', 2, 2),
(39, '82', '2020-03-11', '15:00:00', 2, 2),
(40, '81', '2020-03-11', '16:00:00', 2, 2),
(41, '72', '2020-03-11', '17:00:00', 2, 2),
(42, '67', '2020-03-11', '18:00:00', 2, 2),
(43, '54', '2020-03-11', '19:00:00', 2, 2),
(44, '37', '2020-03-11', '20:00:00', 2, 2),
(45, '14', '2020-03-11', '21:00:00', 2, 2),
(46, '3', '2020-03-11', '22:00:00', 2, 2),
(47, '0', '2020-03-11', '23:00:00', 2, 2),
(48, '0', '2020-03-11', '00:00:00', 2, 2),
(49, '74', '2020-03-11', '01:00:00', 2, 3),
(50, '77', '2020-03-11', '02:00:00', 2, 3),
(51, '85', '2020-03-11', '03:00:00', 2, 3),
(52, '87', '2020-03-11', '04:00:00', 2, 3),
(53, '84', '2020-03-11', '05:00:00', 2, 3),
(54, '77', '2020-03-11', '06:00:00', 2, 3),
(55, '76', '2020-03-11', '07:00:00', 2, 3),
(56, '76', '2020-03-11', '08:00:00', 2, 3),
(57, '74', '2020-03-11', '09:00:00', 2, 3),
(58, '75', '2020-03-11', '10:00:00', 2, 3),
(59, '66', '2020-03-11', '11:00:00', 2, 3),
(60, '67', '2020-03-11', '12:00:00', 2, 3),
(61, '62', '2020-03-11', '13:00:00', 2, 3),
(62, '63', '2020-03-11', '14:00:00', 2, 3),
(63, '58', '2020-03-11', '15:00:00', 2, 3),
(64, '59', '2020-03-11', '16:00:00', 2, 3),
(65, '53', '2020-03-11', '17:00:00', 2, 3),
(66, '55', '2020-03-11', '18:00:00', 2, 3),
(67, '73', '2020-03-11', '19:00:00', 2, 3),
(68, '75', '2020-03-11', '20:00:00', 2, 3),
(69, '74', '2020-03-11', '21:00:00', 2, 3),
(70, '77', '2020-03-11', '22:00:00', 2, 3),
(71, '81', '2020-03-11', '23:00:00', 2, 3),
(72, '80', '2020-03-11', '00:00:00', 2, 3),
(73, '18', '2020-03-11', '01:00:00', 2, 4),
(74, '17', '2020-03-11', '02:00:00', 2, 4),
(75, '17', '2020-03-11', '03:00:00', 2, 4),
(76, '19', '2020-03-11', '04:00:00', 2, 4),
(77, '17', '2020-03-11', '05:00:00', 2, 4),
(78, '18', '2020-03-11', '06:00:00', 2, 4),
(79, '18', '2020-03-11', '07:00:00', 2, 4),
(80, '18', '2020-03-11', '08:00:00', 2, 4),
(81, '17', '2020-03-11', '09:00:00', 2, 4),
(82, '18', '2020-03-11', '10:00:00', 2, 4),
(83, '17', '2020-03-11', '11:00:00', 2, 4),
(84, '18', '2020-03-11', '12:00:00', 2, 4),
(85, '17', '2020-03-11', '13:00:00', 2, 4),
(86, '17', '2020-03-11', '14:00:00', 2, 4),
(87, '18', '2020-03-11', '15:00:00', 2, 4),
(88, '18', '2020-03-11', '16:00:00', 2, 4),
(89, '17', '2020-03-11', '17:00:00', 2, 4),
(90, '18', '2020-03-11', '18:00:00', 2, 4),
(91, '18', '2020-03-11', '19:00:00', 2, 4),
(92, '18', '2020-03-11', '20:00:00', 2, 4),
(93, '18', '2020-03-11', '21:00:00', 2, 4),
(94, '17', '2020-03-11', '22:00:00', 2, 4),
(95, '18', '2020-03-11', '23:00:00', 2, 4),
(96, '18', '2020-03-11', '00:00:00', 2, 4),
(97, '15', '2020-03-11', '01:00:00', 3, 1),
(98, '14', '2020-03-11', '02:00:00', 3, 1),
(99, '14', '2020-03-11', '03:00:00', 3, 1),
(100, '13', '2020-03-11', '04:00:00', 3, 1),
(101, '15', '2020-03-11', '05:00:00', 3, 1),
(102, '16', '2020-03-11', '06:00:00', 3, 1),
(103, '16', '2020-03-11', '07:00:00', 3, 1),
(104, '20', '2020-03-11', '08:00:00', 3, 1),
(105, '19', '2020-03-11', '09:00:00', 3, 1),
(106, '21', '2020-03-11', '10:00:00', 3, 1),
(107, '23', '2020-03-11', '11:00:00', 3, 1),
(108, '23', '2020-03-11', '12:00:00', 3, 1),
(109, '24', '2020-03-11', '13:00:00', 3, 1),
(110, '24', '2020-03-11', '14:00:00', 3, 1),
(111, '25', '2020-03-11', '15:00:00', 3, 1),
(112, '24', '2020-03-11', '16:00:00', 3, 1),
(113, '25', '2020-03-11', '17:00:00', 3, 1),
(114, '23', '2020-03-11', '18:00:00', 3, 1),
(115, '21', '2020-03-11', '19:00:00', 3, 1),
(116, '20', '2020-03-11', '20:00:00', 3, 1),
(117, '18', '2020-03-11', '21:00:00', 3, 1),
(118, '16', '2020-03-11', '22:00:00', 3, 1),
(119, '15', '2020-03-11', '23:00:00', 3, 1),
(120, '15', '2020-03-11', '00:00:00', 3, 1),
(121, '0', '2020-03-11', '01:00:00', 3, 2),
(122, '0', '2020-03-11', '02:00:00', 3, 2),
(123, '0', '2020-03-11', '03:00:00', 3, 2),
(124, '0', '2020-03-11', '04:00:00', 3, 2),
(125, '0', '2020-03-11', '05:00:00', 3, 2),
(126, '8', '2020-03-11', '06:00:00', 3, 2),
(127, '10', '2020-03-11', '07:00:00', 3, 2),
(128, '18', '2020-03-11', '08:00:00', 3, 2),
(129, '24', '2020-03-11', '09:00:00', 3, 2),
(130, '35', '2020-03-11', '10:00:00', 3, 2),
(131, '49', '2020-03-11', '11:00:00', 3, 2),
(132, '71', '2020-03-11', '12:00:00', 3, 2),
(133, '77', '2020-03-11', '13:00:00', 3, 2),
(134, '80', '2020-03-11', '14:00:00', 3, 2),
(135, '81', '2020-03-11', '15:00:00', 3, 2),
(136, '79', '2020-03-11', '16:00:00', 3, 2),
(137, '71', '2020-03-11', '17:00:00', 3, 2),
(138, '65', '2020-03-11', '18:00:00', 3, 2),
(139, '52', '2020-03-11', '19:00:00', 3, 2),
(140, '35', '2020-03-11', '20:00:00', 3, 2),
(141, '12', '2020-03-11', '21:00:00', 3, 2),
(142, '2', '2020-03-11', '22:00:00', 3, 2),
(143, '0', '2020-03-11', '23:00:00', 3, 2),
(144, '0', '2020-03-11', '00:00:00', 3, 2),
(145, '77', '2020-03-11', '01:00:00', 3, 3),
(146, '79', '2020-03-11', '02:00:00', 3, 3),
(147, '87', '2020-03-11', '03:00:00', 3, 3),
(148, '89', '2020-03-11', '04:00:00', 3, 3),
(149, '87', '2020-03-11', '05:00:00', 3, 3),
(150, '79', '2020-03-11', '06:00:00', 3, 3),
(151, '79', '2020-03-11', '07:00:00', 3, 3),
(152, '78', '2020-03-11', '08:00:00', 3, 3),
(153, '78', '2020-03-11', '09:00:00', 3, 3),
(154, '77', '2020-03-11', '10:00:00', 3, 3),
(155, '69', '2020-03-11', '11:00:00', 3, 3),
(156, '69', '2020-03-11', '12:00:00', 3, 3),
(157, '65', '2020-03-11', '13:00:00', 3, 3),
(158, '65', '2020-03-11', '14:00:00', 3, 3),
(159, '59', '2020-03-11', '15:00:00', 3, 3),
(160, '62', '2020-03-11', '16:00:00', 3, 3),
(161, '55', '2020-03-11', '17:00:00', 3, 3),
(162, '58', '2020-03-11', '18:00:00', 3, 3),
(163, '77', '2020-03-11', '19:00:00', 3, 3),
(164, '77', '2020-03-11', '20:00:00', 3, 3),
(165, '78', '2020-03-11', '21:00:00', 3, 3),
(166, '81', '2020-03-11', '22:00:00', 3, 3),
(167, '85', '2020-03-11', '23:00:00', 3, 3),
(168, '84', '2020-03-11', '00:00:00', 3, 3),
(169, '15', '2020-03-11', '01:00:00', 3, 4),
(170, '16', '2020-03-11', '02:00:00', 3, 4),
(171, '15', '2020-03-11', '03:00:00', 3, 4),
(172, '17', '2020-03-11', '04:00:00', 3, 4),
(173, '16', '2020-03-11', '05:00:00', 3, 4),
(174, '17', '2020-03-11', '06:00:00', 3, 4),
(175, '16', '2020-03-11', '07:00:00', 3, 4),
(176, '16', '2020-03-11', '08:00:00', 3, 4),
(177, '16', '2020-03-11', '09:00:00', 3, 4),
(178, '16', '2020-03-11', '10:00:00', 3, 4),
(179, '16', '2020-03-11', '11:00:00', 3, 4),
(180, '17', '2020-03-11', '12:00:00', 3, 4),
(181, '15', '2020-03-11', '13:00:00', 3, 4),
(182, '15', '2020-03-11', '14:00:00', 3, 4),
(183, '17', '2020-03-11', '15:00:00', 3, 4),
(184, '16', '2020-03-11', '16:00:00', 3, 4),
(185, '15', '2020-03-11', '17:00:00', 3, 4),
(186, '16', '2020-03-11', '18:00:00', 3, 4),
(187, '17', '2020-03-11', '19:00:00', 3, 4),
(188, '16', '2020-03-11', '20:00:00', 3, 4),
(189, '16', '2020-03-11', '21:00:00', 3, 4),
(190, '15', '2020-03-11', '22:00:00', 3, 4),
(191, '17', '2020-03-11', '23:00:00', 3, 4),
(192, '16', '2020-03-11', '00:00:00', 3, 4),
(194, '11', '2020-03-11', '01:00:00', 4, 1),
(195, '12', '2020-03-11', '02:00:00', 4, 1),
(196, '11', '2020-03-11', '03:00:00', 4, 1),
(197, '12', '2020-03-11', '04:00:00', 4, 1),
(198, '13', '2020-03-11', '05:00:00', 4, 1),
(199, '14', '2020-03-11', '06:00:00', 4, 1),
(200, '14', '2020-03-11', '07:00:00', 4, 1),
(201, '16', '2020-03-11', '08:00:00', 4, 1),
(202, '17', '2020-03-11', '09:00:00', 4, 1),
(203, '18', '2020-03-11', '10:00:00', 4, 1),
(204, '19', '2020-03-11', '11:00:00', 4, 1),
(205, '21', '2020-03-11', '12:00:00', 4, 1),
(206, '22', '2020-03-11', '13:00:00', 4, 1),
(207, '22', '2020-03-11', '14:00:00', 4, 1),
(208, '23', '2020-03-11', '15:00:00', 4, 1),
(209, '23', '2020-03-11', '16:00:00', 4, 1),
(210, '22', '2020-03-11', '17:00:00', 4, 1),
(211, '21', '2020-03-11', '18:00:00', 4, 1),
(212, '19', '2020-03-11', '19:00:00', 4, 1),
(213, '18', '2020-03-11', '20:00:00', 4, 1),
(214, '16', '2020-03-11', '21:00:00', 4, 1),
(215, '14', '2020-03-11', '22:00:00', 4, 1),
(216, '14', '2020-03-11', '23:00:00', 4, 1),
(217, '13', '2020-03-11', '00:00:00', 4, 1),
(218, '0', '2020-03-11', '01:00:00', 4, 2),
(219, '0', '2020-03-11', '02:00:00', 4, 2),
(220, '0', '2020-03-11', '03:00:00', 4, 2),
(221, '0', '2020-03-11', '04:00:00', 4, 2),
(222, '0', '2020-03-11', '05:00:00', 4, 2),
(223, '12', '2020-03-11', '06:00:00', 4, 2),
(224, '14', '2020-03-11', '07:00:00', 4, 2),
(225, '22', '2020-03-11', '08:00:00', 4, 2),
(226, '22', '2020-03-11', '09:00:00', 4, 2),
(227, '38', '2020-03-11', '10:00:00', 4, 2),
(228, '53', '2020-03-11', '11:00:00', 4, 2),
(229, '75', '2020-03-11', '12:00:00', 4, 2),
(230, '81', '2020-03-11', '13:00:00', 4, 2),
(231, '85', '2020-03-11', '14:00:00', 4, 2),
(232, '86', '2020-03-11', '15:00:00', 4, 2),
(233, '88', '2020-03-11', '16:00:00', 4, 2),
(234, '73', '2020-03-11', '17:00:00', 4, 2),
(235, '69', '2020-03-11', '18:00:00', 4, 2),
(236, '58', '2020-03-11', '19:00:00', 4, 2),
(237, '39', '2020-03-11', '20:00:00', 4, 2),
(238, '18', '2020-03-11', '21:00:00', 4, 2),
(239, '2', '2020-03-11', '22:00:00', 4, 2),
(240, '0', '2020-03-11', '23:00:00', 4, 2),
(241, '0', '2020-03-11', '00:00:00', 4, 2),
(242, '79', '2020-03-11', '01:00:00', 4, 3),
(243, '82', '2020-03-11', '02:00:00', 4, 3),
(244, '89', '2020-03-11', '03:00:00', 4, 3),
(245, '89', '2020-03-11', '04:00:00', 4, 3),
(246, '88', '2020-03-11', '05:00:00', 4, 3),
(247, '82', '2020-03-11', '06:00:00', 4, 3),
(248, '79', '2020-03-11', '07:00:00', 4, 3),
(249, '79', '2020-03-11', '08:00:00', 4, 3),
(250, '78', '2020-03-11', '09:00:00', 4, 3),
(251, '77', '2020-03-11', '10:00:00', 4, 3),
(252, '69', '2020-03-11', '11:00:00', 4, 3),
(253, '69', '2020-03-11', '12:00:00', 4, 3),
(254, '66', '2020-03-11', '13:00:00', 4, 3),
(255, '67', '2020-03-11', '14:00:00', 4, 3),
(256, '59', '2020-03-11', '15:00:00', 4, 3),
(257, '57', '2020-03-11', '16:00:00', 4, 3),
(258, '58', '2020-03-11', '17:00:00', 4, 3),
(259, '55', '2020-03-11', '18:00:00', 4, 3),
(260, '77', '2020-03-11', '19:00:00', 4, 3),
(261, '79', '2020-03-11', '20:00:00', 4, 3),
(262, '80', '2020-03-11', '21:00:00', 4, 3),
(263, '84', '2020-03-11', '22:00:00', 4, 3),
(264, '87', '2020-03-11', '23:00:00', 4, 3),
(265, '87', '2020-03-11', '00:00:00', 4, 3),
(266, '13', '2020-03-11', '01:00:00', 4, 4),
(267, '14', '2020-03-11', '02:00:00', 4, 4),
(268, '15', '2020-03-11', '03:00:00', 4, 4),
(269, '14', '2020-03-11', '04:00:00', 4, 4),
(270, '13', '2020-03-11', '05:00:00', 4, 4),
(271, '14', '2020-03-11', '06:00:00', 4, 4),
(272, '15', '2020-03-11', '07:00:00', 4, 4),
(273, '14', '2020-03-11', '08:00:00', 4, 4),
(274, '15', '2020-03-11', '09:00:00', 4, 4),
(275, '15', '2020-03-11', '10:00:00', 4, 4),
(276, '15', '2020-03-11', '11:00:00', 4, 4),
(277, '14', '2020-03-11', '12:00:00', 4, 4),
(278, '15', '2020-03-11', '13:00:00', 4, 4),
(279, '15', '2020-03-11', '14:00:00', 4, 4),
(280, '14', '2020-03-11', '15:00:00', 4, 4),
(281, '15', '2020-03-11', '16:00:00', 4, 4),
(282, '15', '2020-03-11', '17:00:00', 4, 4),
(283, '14', '2020-03-11', '18:00:00', 4, 4),
(284, '15', '2020-03-11', '19:00:00', 4, 4),
(285, '16', '2020-03-11', '20:00:00', 4, 4),
(286, '14', '2020-03-11', '21:00:00', 4, 4),
(287, '15', '2020-03-11', '22:00:00', 4, 4),
(288, '14', '2020-03-11', '23:00:00', 4, 4),
(289, '14', '2020-03-11', '00:00:00', 4, 4),
(290, '11', '2020-03-11', '01:00:00', 1, 1),
(291, '12', '2020-03-11', '02:00:00', 1, 1),
(292, '11', '2020-03-11', '03:00:00', 1, 1),
(293, '12', '2020-03-11', '04:00:00', 1, 1),
(294, '13', '2020-03-11', '05:00:00', 1, 1),
(295, '14', '2020-03-11', '06:00:00', 1, 1),
(296, '14', '2020-03-11', '07:00:00', 1, 1),
(297, '16', '2020-03-11', '08:00:00', 1, 1),
(298, '17', '2020-03-11', '09:00:00', 1, 1),
(299, '18', '2020-03-11', '10:00:00', 1, 1),
(300, '19', '2020-03-11', '11:00:00', 1, 1),
(301, '21', '2020-03-11', '12:00:00', 1, 1),
(302, '22', '2020-03-11', '13:00:00', 1, 1),
(303, '22', '2020-03-11', '14:00:00', 1, 1),
(304, '23', '2020-03-11', '15:00:00', 1, 1),
(305, '23', '2020-03-11', '16:00:00', 1, 1),
(306, '22', '2020-03-11', '17:00:00', 1, 1),
(307, '21', '2020-03-11', '18:00:00', 1, 1),
(308, '19', '2020-03-11', '19:00:00', 1, 1),
(309, '18', '2020-03-11', '20:00:00', 1, 1),
(310, '16', '2020-03-11', '21:00:00', 1, 1),
(311, '14', '2020-03-11', '22:00:00', 1, 1),
(312, '14', '2020-03-11', '23:00:00', 1, 1),
(313, '13', '2020-03-11', '00:00:00', 1, 1),
(314, '0', '2020-03-11', '01:00:00', 1, 2),
(315, '0', '2020-03-11', '02:00:00', 1, 2),
(316, '0', '2020-03-11', '03:00:00', 1, 2),
(317, '0', '2020-03-11', '04:00:00', 1, 2),
(318, '0', '2020-03-11', '05:00:00', 1, 2),
(319, '12', '2020-03-11', '06:00:00', 1, 2),
(320, '14', '2020-03-11', '07:00:00', 1, 2),
(321, '22', '2020-03-11', '08:00:00', 1, 2),
(322, '22', '2020-03-11', '09:00:00', 1, 2),
(323, '38', '2020-03-11', '10:00:00', 1, 2),
(324, '53', '2020-03-11', '11:00:00', 1, 2),
(325, '75', '2020-03-11', '12:00:00', 1, 2),
(326, '81', '2020-03-11', '13:00:00', 1, 2),
(327, '85', '2020-03-11', '14:00:00', 1, 2),
(328, '86', '2020-03-11', '15:00:00', 1, 2),
(329, '88', '2020-03-11', '16:00:00', 1, 2),
(330, '73', '2020-03-11', '17:00:00', 1, 2),
(331, '69', '2020-03-11', '18:00:00', 1, 2),
(332, '58', '2020-03-11', '19:00:00', 1, 2),
(333, '39', '2020-03-11', '20:00:00', 1, 2),
(334, '18', '2020-03-11', '21:00:00', 1, 2),
(335, '2', '2020-03-11', '22:00:00', 1, 2),
(336, '0', '2020-03-11', '23:00:00', 1, 2),
(337, '0', '2020-03-11', '00:00:00', 1, 2),
(338, '79', '2020-03-11', '01:00:00', 1, 3),
(339, '82', '2020-03-11', '02:00:00', 1, 3),
(340, '89', '2020-03-11', '03:00:00', 1, 3),
(341, '89', '2020-03-11', '04:00:00', 1, 3),
(342, '88', '2020-03-11', '05:00:00', 1, 3),
(343, '82', '2020-03-11', '06:00:00', 1, 3),
(344, '79', '2020-03-11', '07:00:00', 1, 3),
(345, '79', '2020-03-11', '08:00:00', 1, 3),
(346, '78', '2020-03-11', '09:00:00', 1, 3),
(347, '77', '2020-03-11', '10:00:00', 1, 3),
(348, '69', '2020-03-11', '11:00:00', 1, 3),
(349, '69', '2020-03-11', '12:00:00', 1, 3),
(350, '66', '2020-03-11', '13:00:00', 1, 3),
(351, '67', '2020-03-11', '14:00:00', 1, 3),
(352, '59', '2020-03-11', '15:00:00', 1, 3),
(353, '57', '2020-03-11', '16:00:00', 1, 3),
(354, '58', '2020-03-11', '17:00:00', 1, 3),
(355, '55', '2020-03-11', '18:00:00', 1, 3),
(356, '77', '2020-03-11', '19:00:00', 1, 3),
(357, '79', '2020-03-11', '20:00:00', 1, 3),
(358, '80', '2020-03-11', '21:00:00', 1, 3),
(359, '84', '2020-03-11', '22:00:00', 1, 3),
(360, '87', '2020-03-11', '23:00:00', 1, 3),
(361, '87', '2020-03-11', '00:00:00', 1, 3),
(362, '15', '2020-03-11', '01:00:00', 1, 4),
(363, '16', '2020-03-11', '02:00:00', 1, 4),
(364, '15', '2020-03-11', '03:00:00', 1, 4),
(365, '17', '2020-03-11', '04:00:00', 1, 4),
(366, '16', '2020-03-11', '05:00:00', 1, 4),
(367, '17', '2020-03-11', '06:00:00', 1, 4),
(368, '16', '2020-03-11', '07:00:00', 1, 4),
(369, '16', '2020-03-11', '08:00:00', 1, 4),
(370, '16', '2020-03-11', '09:00:00', 1, 4),
(371, '16', '2020-03-11', '10:00:00', 1, 4),
(372, '16', '2020-03-11', '11:00:00', 1, 4),
(373, '17', '2020-03-11', '12:00:00', 1, 4),
(374, '15', '2020-03-11', '13:00:00', 1, 4),
(375, '15', '2020-03-11', '14:00:00', 1, 4),
(376, '17', '2020-03-11', '15:00:00', 1, 4),
(377, '16', '2020-03-11', '16:00:00', 1, 4),
(378, '15', '2020-03-11', '17:00:00', 1, 4),
(379, '16', '2020-03-11', '18:00:00', 1, 4),
(380, '17', '2020-03-11', '19:00:00', 1, 4),
(381, '16', '2020-03-11', '20:00:00', 1, 4),
(382, '16', '2020-03-11', '21:00:00', 1, 4),
(383, '15', '2020-03-11', '22:00:00', 1, 4),
(384, '17', '2020-03-11', '23:00:00', 1, 4),
(385, '16', '2020-03-11', '00:00:00', 1, 4),
(386, '13', '2020-03-11', '01:00:00', 5, 1),
(387, '12', '2020-03-11', '02:00:00', 5, 1),
(388, '12', '2020-03-11', '03:00:00', 5, 1),
(389, '11', '2020-03-11', '04:00:00', 5, 1),
(390, '14', '2020-03-11', '05:00:00', 5, 1),
(391, '15', '2020-03-11', '06:00:00', 5, 1),
(392, '16', '2020-03-11', '07:00:00', 5, 1),
(393, '16', '2020-03-11', '08:00:00', 5, 1),
(394, '17', '2020-03-11', '09:00:00', 5, 1),
(395, '18', '2020-03-11', '10:00:00', 5, 1),
(396, '21', '2020-03-11', '11:00:00', 5, 1),
(397, '22', '2020-03-11', '12:00:00', 5, 1),
(398, '23', '2020-03-11', '13:00:00', 5, 1),
(399, '23', '2020-03-11', '14:00:00', 5, 1),
(400, '23', '2020-03-11', '15:00:00', 5, 1),
(401, '22', '2020-03-11', '16:00:00', 5, 1),
(402, '23', '2020-03-11', '17:00:00', 5, 1),
(403, '21', '2020-03-11', '18:00:00', 5, 1),
(404, '19', '2020-03-11', '19:00:00', 5, 1),
(405, '18', '2020-03-11', '20:00:00', 5, 1),
(406, '16', '2020-03-11', '21:00:00', 5, 1),
(407, '15', '2020-03-11', '22:00:00', 5, 1),
(408, '14', '2020-03-11', '23:00:00', 5, 1),
(409, '13', '2020-03-11', '00:00:00', 5, 1),
(410, '0', '2020-03-11', '01:00:00', 5, 2),
(411, '0', '2020-03-11', '02:00:00', 5, 2),
(412, '0', '2020-03-11', '03:00:00', 5, 2),
(413, '0', '2020-03-11', '04:00:00', 5, 2),
(414, '0', '2020-03-11', '05:00:00', 5, 2),
(415, '7', '2020-03-11', '06:00:00', 5, 2),
(416, '12', '2020-03-11', '07:00:00', 5, 2),
(417, '19', '2020-03-11', '08:00:00', 5, 2),
(418, '25', '2020-03-11', '09:00:00', 5, 2),
(419, '37', '2020-03-11', '10:00:00', 5, 2),
(420, '54', '2020-03-11', '11:00:00', 5, 2),
(421, '72', '2020-03-11', '12:00:00', 5, 2),
(422, '79', '2020-03-11', '13:00:00', 5, 2),
(423, '81', '2020-03-11', '14:00:00', 5, 2),
(424, '82', '2020-03-11', '15:00:00', 5, 2),
(425, '81', '2020-03-11', '16:00:00', 5, 2),
(426, '72', '2020-03-11', '17:00:00', 5, 2),
(427, '67', '2020-03-11', '18:00:00', 5, 2),
(428, '54', '2020-03-11', '19:00:00', 5, 2),
(429, '37', '2020-03-11', '20:00:00', 5, 2),
(430, '14', '2020-03-11', '21:00:00', 5, 2),
(431, '3', '2020-03-11', '22:00:00', 5, 2),
(432, '0', '2020-03-11', '23:00:00', 5, 2),
(433, '0', '2020-03-11', '00:00:00', 5, 2),
(434, '79', '2020-03-11', '01:00:00', 5, 3),
(435, '82', '2020-03-11', '02:00:00', 5, 3),
(436, '89', '2020-03-11', '03:00:00', 5, 3),
(437, '89', '2020-03-11', '04:00:00', 5, 3),
(438, '88', '2020-03-11', '05:00:00', 5, 3),
(439, '82', '2020-03-11', '06:00:00', 5, 3),
(440, '79', '2020-03-11', '07:00:00', 5, 3),
(441, '79', '2020-03-11', '08:00:00', 5, 3),
(442, '78', '2020-03-11', '09:00:00', 5, 3),
(443, '77', '2020-03-11', '10:00:00', 5, 3),
(444, '69', '2020-03-11', '11:00:00', 5, 3),
(445, '69', '2020-03-11', '12:00:00', 5, 3),
(446, '66', '2020-03-11', '13:00:00', 5, 3),
(447, '67', '2020-03-11', '14:00:00', 5, 3),
(448, '59', '2020-03-11', '15:00:00', 5, 3),
(449, '57', '2020-03-11', '16:00:00', 5, 3),
(450, '58', '2020-03-11', '17:00:00', 5, 3),
(451, '55', '2020-03-11', '18:00:00', 5, 3),
(452, '77', '2020-03-11', '19:00:00', 5, 3),
(453, '79', '2020-03-11', '20:00:00', 5, 3),
(454, '80', '2020-03-11', '21:00:00', 5, 3),
(455, '84', '2020-03-11', '22:00:00', 5, 3),
(456, '87', '2020-03-11', '23:00:00', 5, 3),
(457, '87', '2020-03-11', '00:00:00', 5, 3),
(458, '18', '2020-03-11', '01:00:00', 5, 4),
(459, '17', '2020-03-11', '02:00:00', 5, 4),
(460, '17', '2020-03-11', '03:00:00', 5, 4),
(461, '19', '2020-03-11', '04:00:00', 5, 4),
(462, '17', '2020-03-11', '05:00:00', 5, 4),
(463, '18', '2020-03-11', '06:00:00', 5, 4),
(464, '18', '2020-03-11', '07:00:00', 5, 4),
(465, '18', '2020-03-11', '08:00:00', 5, 4),
(466, '17', '2020-03-11', '09:00:00', 5, 4),
(467, '18', '2020-03-11', '10:00:00', 5, 4),
(468, '17', '2020-03-11', '11:00:00', 5, 4),
(469, '18', '2020-03-11', '12:00:00', 5, 4),
(470, '17', '2020-03-11', '13:00:00', 5, 4),
(471, '17', '2020-03-11', '14:00:00', 5, 4),
(472, '18', '2020-03-11', '15:00:00', 5, 4),
(473, '18', '2020-03-11', '16:00:00', 5, 4),
(474, '17', '2020-03-11', '17:00:00', 5, 4),
(475, '18', '2020-03-11', '18:00:00', 5, 4),
(476, '18', '2020-03-11', '19:00:00', 5, 4),
(477, '18', '2020-03-11', '20:00:00', 5, 4),
(478, '18', '2020-03-11', '21:00:00', 5, 4),
(479, '17', '2020-03-11', '22:00:00', 5, 4),
(480, '18', '2020-03-11', '23:00:00', 5, 4),
(481, '18', '2020-03-11', '00:00:00', 5, 4),
(482, '13', '2020-03-11', '01:00:00', 6, 1),
(483, '12', '2020-03-11', '02:00:00', 6, 1),
(484, '12', '2020-03-11', '03:00:00', 6, 1),
(485, '11', '2020-03-11', '04:00:00', 6, 1),
(486, '14', '2020-03-11', '05:00:00', 6, 1),
(487, '15', '2020-03-11', '06:00:00', 6, 1),
(488, '16', '2020-03-11', '07:00:00', 6, 1),
(489, '16', '2020-03-11', '08:00:00', 6, 1),
(490, '17', '2020-03-11', '09:00:00', 6, 1),
(491, '18', '2020-03-11', '10:00:00', 6, 1),
(492, '21', '2020-03-11', '11:00:00', 6, 1),
(493, '22', '2020-03-11', '12:00:00', 6, 1),
(494, '23', '2020-03-11', '13:00:00', 6, 1),
(495, '23', '2020-03-11', '14:00:00', 6, 1),
(496, '23', '2020-03-11', '15:00:00', 6, 1),
(497, '22', '2020-03-11', '16:00:00', 6, 1),
(498, '23', '2020-03-11', '17:00:00', 6, 1),
(499, '21', '2020-03-11', '18:00:00', 6, 1),
(500, '19', '2020-03-11', '19:00:00', 6, 1),
(501, '18', '2020-03-11', '20:00:00', 6, 1),
(502, '16', '2020-03-11', '21:00:00', 6, 1),
(503, '15', '2020-03-11', '22:00:00', 6, 1),
(504, '14', '2020-03-11', '23:00:00', 6, 1),
(505, '13', '2020-03-11', '00:00:00', 6, 1),
(506, '0', '2020-03-11', '01:00:00', 6, 2),
(507, '0', '2020-03-11', '02:00:00', 6, 2),
(508, '0', '2020-03-11', '03:00:00', 6, 2),
(509, '0', '2020-03-11', '04:00:00', 6, 2),
(510, '0', '2020-03-11', '05:00:00', 6, 2),
(511, '7', '2020-03-11', '06:00:00', 6, 2),
(512, '12', '2020-03-11', '07:00:00', 6, 2),
(513, '19', '2020-03-11', '08:00:00', 6, 2),
(514, '25', '2020-03-11', '09:00:00', 6, 2),
(515, '37', '2020-03-11', '10:00:00', 6, 2),
(516, '54', '2020-03-11', '11:00:00', 6, 2),
(517, '72', '2020-03-11', '12:00:00', 6, 2),
(518, '79', '2020-03-11', '13:00:00', 6, 2),
(519, '81', '2020-03-11', '14:00:00', 6, 2),
(520, '82', '2020-03-11', '15:00:00', 6, 2),
(521, '81', '2020-03-11', '16:00:00', 6, 2),
(522, '72', '2020-03-11', '17:00:00', 6, 2),
(523, '67', '2020-03-11', '18:00:00', 6, 2),
(524, '54', '2020-03-11', '19:00:00', 6, 2),
(525, '37', '2020-03-11', '20:00:00', 6, 2),
(526, '14', '2020-03-11', '21:00:00', 6, 2),
(527, '3', '2020-03-11', '22:00:00', 6, 2),
(528, '0', '2020-03-11', '23:00:00', 6, 2),
(529, '0', '2020-03-11', '00:00:00', 6, 2),
(530, '0', '2020-03-11', '01:00:00', 6, 2),
(531, '0', '2020-03-11', '02:00:00', 6, 2),
(532, '0', '2020-03-11', '03:00:00', 6, 2),
(533, '0', '2020-03-11', '04:00:00', 6, 2),
(534, '0', '2020-03-11', '05:00:00', 6, 2),
(535, '12', '2020-03-11', '06:00:00', 6, 2),
(536, '14', '2020-03-11', '07:00:00', 6, 2),
(537, '22', '2020-03-11', '08:00:00', 6, 2),
(538, '22', '2020-03-11', '09:00:00', 6, 2),
(539, '38', '2020-03-11', '10:00:00', 6, 2),
(540, '53', '2020-03-11', '11:00:00', 6, 2),
(541, '75', '2020-03-11', '12:00:00', 6, 2),
(542, '81', '2020-03-11', '13:00:00', 6, 2),
(543, '85', '2020-03-11', '14:00:00', 6, 2),
(544, '86', '2020-03-11', '15:00:00', 6, 2),
(545, '88', '2020-03-11', '16:00:00', 6, 2),
(546, '73', '2020-03-11', '17:00:00', 6, 2),
(547, '69', '2020-03-11', '18:00:00', 6, 2),
(548, '58', '2020-03-11', '19:00:00', 6, 2),
(549, '39', '2020-03-11', '20:00:00', 6, 2),
(550, '18', '2020-03-11', '21:00:00', 6, 2),
(551, '2', '2020-03-11', '22:00:00', 6, 2),
(552, '0', '2020-03-11', '23:00:00', 6, 2),
(553, '0', '2020-03-11', '00:00:00', 6, 2),
(554, '74', '2020-03-11', '01:00:00', 6, 3),
(555, '77', '2020-03-11', '02:00:00', 6, 3),
(556, '85', '2020-03-11', '03:00:00', 6, 3),
(557, '87', '2020-03-11', '04:00:00', 6, 3),
(558, '84', '2020-03-11', '05:00:00', 6, 3),
(559, '77', '2020-03-11', '06:00:00', 6, 3),
(560, '76', '2020-03-11', '07:00:00', 6, 3),
(561, '76', '2020-03-11', '08:00:00', 6, 3),
(562, '74', '2020-03-11', '09:00:00', 6, 3),
(563, '75', '2020-03-11', '10:00:00', 6, 3),
(564, '66', '2020-03-11', '11:00:00', 6, 3),
(565, '67', '2020-03-11', '12:00:00', 6, 3),
(566, '62', '2020-03-11', '13:00:00', 6, 3),
(567, '63', '2020-03-11', '14:00:00', 6, 3),
(568, '58', '2020-03-11', '15:00:00', 6, 3),
(569, '59', '2020-03-11', '16:00:00', 6, 3),
(570, '53', '2020-03-11', '17:00:00', 6, 3),
(571, '55', '2020-03-11', '18:00:00', 6, 3),
(572, '73', '2020-03-11', '19:00:00', 6, 3),
(573, '75', '2020-03-11', '20:00:00', 6, 3),
(574, '74', '2020-03-11', '21:00:00', 6, 3),
(575, '77', '2020-03-11', '22:00:00', 6, 3),
(576, '81', '2020-03-11', '23:00:00', 6, 3),
(577, '80', '2020-03-11', '00:00:00', 6, 3),
(578, '18', '2020-03-11', '01:00:00', 6, 4),
(579, '17', '2020-03-11', '02:00:00', 6, 4),
(580, '17', '2020-03-11', '03:00:00', 6, 4),
(581, '19', '2020-03-11', '04:00:00', 6, 4),
(582, '17', '2020-03-11', '05:00:00', 6, 4),
(583, '18', '2020-03-11', '06:00:00', 6, 4),
(584, '18', '2020-03-11', '07:00:00', 6, 4),
(585, '18', '2020-03-11', '08:00:00', 6, 4),
(586, '17', '2020-03-11', '09:00:00', 6, 4),
(587, '18', '2020-03-11', '10:00:00', 6, 4),
(588, '17', '2020-03-11', '11:00:00', 6, 4),
(589, '18', '2020-03-11', '12:00:00', 6, 4),
(590, '17', '2020-03-11', '13:00:00', 6, 4),
(591, '17', '2020-03-11', '14:00:00', 6, 4),
(592, '18', '2020-03-11', '15:00:00', 6, 4),
(593, '18', '2020-03-11', '16:00:00', 6, 4),
(594, '17', '2020-03-11', '17:00:00', 6, 4),
(595, '18', '2020-03-11', '18:00:00', 6, 4),
(596, '18', '2020-03-11', '19:00:00', 6, 4),
(597, '18', '2020-03-11', '20:00:00', 6, 4),
(598, '18', '2020-03-11', '21:00:00', 6, 4),
(599, '17', '2020-03-11', '22:00:00', 6, 4),
(600, '18', '2020-03-11', '23:00:00', 6, 4),
(601, '18', '2020-03-11', '00:00:00', 6, 4),
(602, '13', '2020-03-11', '01:00:00', 7, 1),
(603, '12', '2020-03-11', '02:00:00', 7, 1),
(604, '12', '2020-03-11', '03:00:00', 7, 1),
(605, '11', '2020-03-11', '04:00:00', 7, 1),
(606, '14', '2020-03-11', '05:00:00', 7, 1),
(607, '15', '2020-03-11', '06:00:00', 7, 1),
(608, '16', '2020-03-11', '07:00:00', 7, 1),
(609, '16', '2020-03-11', '08:00:00', 7, 1),
(610, '17', '2020-03-11', '09:00:00', 7, 1),
(611, '18', '2020-03-11', '10:00:00', 7, 1),
(612, '21', '2020-03-11', '11:00:00', 7, 1),
(613, '22', '2020-03-11', '12:00:00', 7, 1),
(614, '23', '2020-03-11', '13:00:00', 7, 1),
(615, '23', '2020-03-11', '14:00:00', 7, 1),
(616, '23', '2020-03-11', '15:00:00', 7, 1),
(617, '22', '2020-03-11', '16:00:00', 7, 1),
(618, '23', '2020-03-11', '17:00:00', 7, 1),
(619, '21', '2020-03-11', '18:00:00', 7, 1),
(620, '19', '2020-03-11', '19:00:00', 7, 1),
(621, '18', '2020-03-11', '20:00:00', 7, 1),
(622, '16', '2020-03-11', '21:00:00', 7, 1),
(623, '15', '2020-03-11', '22:00:00', 7, 1),
(624, '14', '2020-03-11', '23:00:00', 7, 1),
(625, '13', '2020-03-11', '00:00:00', 7, 1),
(626, '0', '2020-03-11', '01:00:00', 7, 2),
(627, '0', '2020-03-11', '02:00:00', 7, 2),
(628, '0', '2020-03-11', '03:00:00', 7, 2),
(629, '0', '2020-03-11', '04:00:00', 7, 2),
(630, '0', '2020-03-11', '05:00:00', 7, 2),
(631, '7', '2020-03-11', '06:00:00', 7, 2),
(632, '12', '2020-03-11', '07:00:00', 7, 2),
(633, '19', '2020-03-11', '08:00:00', 7, 2),
(634, '25', '2020-03-11', '09:00:00', 7, 2),
(635, '37', '2020-03-11', '10:00:00', 7, 2),
(636, '54', '2020-03-11', '11:00:00', 7, 2),
(637, '72', '2020-03-11', '12:00:00', 7, 2),
(638, '79', '2020-03-11', '13:00:00', 7, 2),
(639, '81', '2020-03-11', '14:00:00', 7, 2),
(640, '82', '2020-03-11', '15:00:00', 7, 2),
(641, '81', '2020-03-11', '16:00:00', 7, 2),
(642, '72', '2020-03-11', '17:00:00', 7, 2),
(643, '67', '2020-03-11', '18:00:00', 7, 2),
(644, '54', '2020-03-11', '19:00:00', 7, 2),
(645, '37', '2020-03-11', '20:00:00', 7, 2),
(646, '14', '2020-03-11', '21:00:00', 7, 2),
(647, '3', '2020-03-11', '22:00:00', 7, 2),
(648, '0', '2020-03-11', '23:00:00', 7, 2),
(649, '0', '2020-03-11', '00:00:00', 7, 2),
(650, '74', '2020-03-11', '01:00:00', 7, 3),
(651, '77', '2020-03-11', '02:00:00', 7, 3),
(652, '85', '2020-03-11', '03:00:00', 7, 3),
(653, '87', '2020-03-11', '04:00:00', 7, 3),
(654, '84', '2020-03-11', '05:00:00', 7, 3),
(655, '77', '2020-03-11', '06:00:00', 7, 3),
(656, '76', '2020-03-11', '07:00:00', 7, 3),
(657, '76', '2020-03-11', '08:00:00', 7, 3),
(658, '74', '2020-03-11', '09:00:00', 7, 3),
(659, '75', '2020-03-11', '10:00:00', 7, 3),
(660, '66', '2020-03-11', '11:00:00', 7, 3),
(661, '67', '2020-03-11', '12:00:00', 7, 3),
(662, '62', '2020-03-11', '13:00:00', 7, 3),
(663, '63', '2020-03-11', '14:00:00', 7, 3),
(664, '58', '2020-03-11', '15:00:00', 7, 3),
(665, '59', '2020-03-11', '16:00:00', 7, 3),
(666, '53', '2020-03-11', '17:00:00', 7, 3),
(667, '55', '2020-03-11', '18:00:00', 7, 3),
(668, '73', '2020-03-11', '19:00:00', 7, 3),
(669, '75', '2020-03-11', '20:00:00', 7, 3),
(670, '74', '2020-03-11', '21:00:00', 7, 3),
(671, '77', '2020-03-11', '22:00:00', 7, 3),
(672, '81', '2020-03-11', '23:00:00', 7, 3),
(673, '80', '2020-03-11', '00:00:00', 7, 3),
(674, '18', '2020-03-11', '01:00:00', 7, 4),
(675, '17', '2020-03-11', '02:00:00', 7, 4),
(676, '17', '2020-03-11', '03:00:00', 7, 4),
(677, '19', '2020-03-11', '04:00:00', 7, 4),
(678, '17', '2020-03-11', '05:00:00', 7, 4),
(679, '18', '2020-03-11', '06:00:00', 7, 4),
(680, '18', '2020-03-11', '07:00:00', 7, 4),
(681, '18', '2020-03-11', '08:00:00', 7, 4),
(682, '17', '2020-03-11', '09:00:00', 7, 4),
(683, '18', '2020-03-11', '10:00:00', 7, 4),
(684, '17', '2020-03-11', '11:00:00', 7, 4),
(685, '18', '2020-03-11', '12:00:00', 7, 4),
(686, '17', '2020-03-11', '13:00:00', 7, 4),
(687, '17', '2020-03-11', '14:00:00', 7, 4),
(688, '18', '2020-03-11', '15:00:00', 7, 4),
(689, '18', '2020-03-11', '16:00:00', 7, 4),
(690, '17', '2020-03-11', '17:00:00', 7, 4),
(691, '18', '2020-03-11', '18:00:00', 7, 4),
(692, '18', '2020-03-11', '19:00:00', 7, 4),
(693, '18', '2020-03-11', '20:00:00', 7, 4),
(694, '18', '2020-03-11', '21:00:00', 7, 4),
(695, '17', '2020-03-11', '22:00:00', 7, 4),
(696, '18', '2020-03-11', '23:00:00', 7, 4),
(697, '18', '2020-03-11', '00:00:00', 7, 4),
(698, '13', '2020-03-11', '01:00:00', 8, 1),
(699, '12', '2020-03-11', '02:00:00', 8, 1),
(700, '12', '2020-03-11', '03:00:00', 8, 1),
(701, '11', '2020-03-11', '04:00:00', 8, 1),
(702, '14', '2020-03-11', '05:00:00', 8, 1),
(703, '15', '2020-03-11', '06:00:00', 8, 1),
(704, '16', '2020-03-11', '07:00:00', 8, 1),
(705, '16', '2020-03-11', '08:00:00', 8, 1),
(706, '17', '2020-03-11', '09:00:00', 8, 1),
(707, '18', '2020-03-11', '10:00:00', 8, 1),
(708, '21', '2020-03-11', '11:00:00', 8, 1),
(709, '22', '2020-03-11', '12:00:00', 8, 1),
(710, '23', '2020-03-11', '13:00:00', 8, 1),
(711, '23', '2020-03-11', '14:00:00', 8, 1),
(712, '23', '2020-03-11', '15:00:00', 8, 1),
(713, '22', '2020-03-11', '16:00:00', 8, 1),
(714, '23', '2020-03-11', '17:00:00', 8, 1),
(715, '21', '2020-03-11', '18:00:00', 8, 1),
(716, '19', '2020-03-11', '19:00:00', 8, 1),
(717, '18', '2020-03-11', '20:00:00', 8, 1),
(718, '16', '2020-03-11', '21:00:00', 8, 1),
(719, '15', '2020-03-11', '22:00:00', 8, 1),
(720, '14', '2020-03-11', '23:00:00', 8, 1),
(721, '13', '2020-03-11', '00:00:00', 8, 1),
(722, '0', '2020-03-11', '01:00:00', 8, 2),
(723, '0', '2020-03-11', '02:00:00', 8, 2),
(724, '0', '2020-03-11', '03:00:00', 8, 2),
(725, '0', '2020-03-11', '04:00:00', 8, 2),
(726, '0', '2020-03-11', '05:00:00', 8, 2),
(727, '7', '2020-03-11', '06:00:00', 8, 2),
(728, '12', '2020-03-11', '07:00:00', 8, 2),
(729, '19', '2020-03-11', '08:00:00', 8, 2),
(730, '25', '2020-03-11', '09:00:00', 8, 2),
(731, '37', '2020-03-11', '10:00:00', 8, 2),
(732, '54', '2020-03-11', '11:00:00', 8, 2),
(733, '72', '2020-03-11', '12:00:00', 8, 2),
(734, '79', '2020-03-11', '13:00:00', 8, 2),
(735, '81', '2020-03-11', '14:00:00', 8, 2),
(736, '82', '2020-03-11', '15:00:00', 8, 2),
(737, '81', '2020-03-11', '16:00:00', 8, 2),
(738, '72', '2020-03-11', '17:00:00', 8, 2),
(739, '67', '2020-03-11', '18:00:00', 8, 2),
(740, '54', '2020-03-11', '19:00:00', 8, 2),
(741, '37', '2020-03-11', '20:00:00', 8, 2),
(742, '14', '2020-03-11', '21:00:00', 8, 2),
(743, '3', '2020-03-11', '22:00:00', 8, 2),
(744, '0', '2020-03-11', '23:00:00', 8, 2),
(745, '0', '2020-03-11', '00:00:00', 8, 2),
(746, '74', '2020-03-11', '01:00:00', 8, 3),
(747, '77', '2020-03-11', '02:00:00', 8, 3),
(748, '85', '2020-03-11', '03:00:00', 8, 3),
(749, '87', '2020-03-11', '04:00:00', 8, 3),
(750, '84', '2020-03-11', '05:00:00', 8, 3),
(751, '77', '2020-03-11', '06:00:00', 8, 3),
(752, '76', '2020-03-11', '07:00:00', 8, 3),
(753, '76', '2020-03-11', '08:00:00', 8, 3),
(754, '74', '2020-03-11', '09:00:00', 8, 3),
(755, '75', '2020-03-11', '10:00:00', 8, 3),
(756, '66', '2020-03-11', '11:00:00', 8, 3),
(757, '67', '2020-03-11', '12:00:00', 8, 3),
(758, '62', '2020-03-11', '13:00:00', 8, 3),
(759, '63', '2020-03-11', '14:00:00', 8, 3),
(760, '58', '2020-03-11', '15:00:00', 8, 3),
(761, '59', '2020-03-11', '16:00:00', 8, 3),
(762, '53', '2020-03-11', '17:00:00', 8, 3),
(763, '55', '2020-03-11', '18:00:00', 8, 3),
(764, '73', '2020-03-11', '19:00:00', 8, 3),
(765, '75', '2020-03-11', '20:00:00', 8, 3),
(766, '74', '2020-03-11', '21:00:00', 8, 3),
(767, '77', '2020-03-11', '22:00:00', 8, 3),
(768, '81', '2020-03-11', '23:00:00', 8, 3),
(769, '80', '2020-03-11', '00:00:00', 8, 3),
(770, '18', '2020-03-11', '01:00:00', 8, 4),
(771, '17', '2020-03-11', '02:00:00', 8, 4),
(772, '17', '2020-03-11', '03:00:00', 8, 4),
(773, '19', '2020-03-11', '04:00:00', 8, 4),
(774, '17', '2020-03-11', '05:00:00', 8, 4),
(775, '18', '2020-03-11', '06:00:00', 8, 4),
(776, '18', '2020-03-11', '07:00:00', 8, 4),
(777, '18', '2020-03-11', '08:00:00', 8, 4),
(778, '17', '2020-03-11', '09:00:00', 8, 4),
(779, '18', '2020-03-11', '10:00:00', 8, 4),
(780, '17', '2020-03-11', '11:00:00', 8, 4),
(781, '18', '2020-03-11', '12:00:00', 8, 4),
(782, '17', '2020-03-11', '13:00:00', 8, 4),
(783, '17', '2020-03-11', '14:00:00', 8, 4),
(784, '18', '2020-03-11', '15:00:00', 8, 4),
(785, '18', '2020-03-11', '16:00:00', 8, 4),
(786, '17', '2020-03-11', '17:00:00', 8, 4),
(787, '18', '2020-03-11', '18:00:00', 8, 4),
(788, '18', '2020-03-11', '19:00:00', 8, 4),
(789, '18', '2020-03-11', '20:00:00', 8, 4),
(790, '18', '2020-03-11', '21:00:00', 8, 4),
(791, '17', '2020-03-11', '22:00:00', 8, 4),
(792, '18', '2020-03-11', '23:00:00', 8, 4),
(793, '18', '2020-03-11', '00:00:00', 8, 4);

-- --------------------------------------------------------

--
-- Estructura de tabla para la tabla `parcela`
--

CREATE TABLE `parcela` (
  `id_parcela` int(11) NOT NULL,
  `color` varchar(20) NOT NULL,
  `id_campo` int(11) NOT NULL,
  `nombre` varchar(60) NOT NULL
) ENGINE=InnoDB DEFAULT CHARSET=utf8mb4;

--
-- Volcado de datos para la tabla `parcela`
--

INSERT INTO `parcela` (`id_parcela`, `color`, `id_campo`, `nombre`) VALUES
(1, '#ff8000', 1, 'Parcela de Patatas'),
(2, '#3b83bd', 1, 'Parcela de Zanahorias'),
(3, '#94DF19', 1, 'Parcela de Limones'),
(4, '#138A7B', 2, 'Parcela de Naranjas'),
(5, '#0e1877', 2, 'Parcela de Melocotones'),
(6, '#5b279d', 2, 'Parcela de Melones'),
(7, '#17c561', 3, 'Parcela de Fresas'),
(8, '#cfdb11', 3, 'Parcela de Alcachofas');

-- --------------------------------------------------------

--
-- Estructura de tabla para la tabla `permisos_usuarios`
--

CREATE TABLE `permisos_usuarios` (
  `id_permiso` int(11) NOT NULL,
  `id_usuario` int(11) NOT NULL,
  `id_parcela` int(11) NOT NULL
) ENGINE=InnoDB DEFAULT CHARSET=utf8mb4;

--
-- Volcado de datos para la tabla `permisos_usuarios`
--

INSERT INTO `permisos_usuarios` (`id_permiso`, `id_usuario`, `id_parcela`) VALUES
(1, 1, 1),
(2, 1, 2),
(4, 15, 2),
(5, 1, 3),
(6, 2, 3),
(7, 8, 1),
(8, 17, 1),
(9, 18, 6),
(12, 21, 4),
(13, 21, 5),
(14, 21, 6),
(15, 21, 7),
(16, 21, 8),
(19, 22, 7);

-- --------------------------------------------------------

--
-- Estructura de tabla para la tabla `roles`
--

CREATE TABLE `roles` (
  `id_rol` int(11) NOT NULL,
  `nombre` varchar(30) NOT NULL
) ENGINE=InnoDB DEFAULT CHARSET=utf8mb4;

--
-- Volcado de datos para la tabla `roles`
--

INSERT INTO `roles` (`id_rol`, `nombre`) VALUES
(1, 'Administrador'),
(2, 'Trabajador de campo');

-- --------------------------------------------------------

--
-- Estructura de tabla para la tabla `sonda`
--

CREATE TABLE `sonda` (
  `id_sonda` int(11) NOT NULL,
  `tipoSonda` varchar(30) NOT NULL,
  `estado` varchar(30) DEFAULT NULL,
  `id_parcela` int(11) NOT NULL
) ENGINE=InnoDB DEFAULT CHARSET=utf8mb4;

--
-- Volcado de datos para la tabla `sonda`
--

INSERT INTO `sonda` (`id_sonda`, `tipoSonda`, `estado`, `id_parcela`) VALUES
(1, 'Temperatura', 'Funcional', 1),
(2, 'Luminosidad', 'Funcional', 1),
(3, 'Humedad', 'Funcional', 1),
(4, 'Salinidad', 'Funcional', 1);

-- --------------------------------------------------------

--
-- Estructura de tabla para la tabla `usuario`
--

CREATE TABLE `usuario` (
  `id_usuario` int(11) NOT NULL,
  `nombre` varchar(40) NOT NULL,
  `mail` varchar(60) NOT NULL,
  `password` varchar(30) NOT NULL,
  `id_cliente` int(11) NOT NULL,
  `id_rol` int(11) NOT NULL
) ENGINE=InnoDB DEFAULT CHARSET=utf8mb4;

--
-- Volcado de datos para la tabla `usuario`
--

INSERT INTO `usuario` (`id_usuario`, `nombre`, `mail`, `password`, `id_cliente`, `id_rol`) VALUES
(1, 'Admin', 'admin@bancal.es', '1234', 1, 1),
(2, 'Jorge', 'jorge@bancales.es', '1234', 1, 2),
(8, 'Daniel', 'daniel@bancal.es', '1234', 1, 2),
(15, 'Sergi', 'sergi@bancal.es', '123', 1, 2),
(17, 'Alberto', 'alberto@bancal.es', '123', 1, 2),
(18, 'Javi', 'javi@bancal.es', '1234', 1, 2),
(20, 'Carlos', 'carlos@alcampo.es', '1234', 3, 2),
(21, 'Admin', 'admin@alcampo.es', '1234', 3, 1),
(22, 'Carlos', 'carlos@alcampo.es', '1234', 3, 2);

--
-- Índices para tablas volcadas
--

--
-- Indices de la tabla `campo`
--
ALTER TABLE `campo`
  ADD PRIMARY KEY (`id_campo`),
  ADD KEY `fk_campo_cliente` (`id_cliente`);

--
-- Indices de la tabla `cliente`
--
ALTER TABLE `cliente`
  ADD PRIMARY KEY (`id_cliente`);

--
-- Indices de la tabla `coordenadas`
--
ALTER TABLE `coordenadas`
  ADD PRIMARY KEY (`id_coordenada`),
  ADD KEY `fk_coordenada_parcela` (`id_parcela`);

--
-- Indices de la tabla `medicion`
--
ALTER TABLE `medicion`
  ADD PRIMARY KEY (`id_medicion`),
  ADD KEY `fk_medicion_parcela` (`id_parcela`),
  ADD KEY `fk_medicion_sonda` (`id_sonda`);

--
-- Indices de la tabla `parcela`
--
ALTER TABLE `parcela`
  ADD PRIMARY KEY (`id_parcela`),
  ADD KEY `fk_parcela_campo` (`id_campo`);

--
-- Indices de la tabla `permisos_usuarios`
--
ALTER TABLE `permisos_usuarios`
  ADD PRIMARY KEY (`id_permiso`),
  ADD KEY `pk_parcela_usuario` (`id_parcela`),
  ADD KEY `pk_usuario_parcela` (`id_usuario`);

--
-- Indices de la tabla `roles`
--
ALTER TABLE `roles`
  ADD PRIMARY KEY (`id_rol`);

--
-- Indices de la tabla `sonda`
--
ALTER TABLE `sonda`
  ADD PRIMARY KEY (`id_sonda`),
  ADD KEY `fk_sonda_parcela` (`id_parcela`);

--
-- Indices de la tabla `usuario`
--
ALTER TABLE `usuario`
  ADD PRIMARY KEY (`id_usuario`),
  ADD KEY `fk_usuario_cliente` (`id_cliente`),
  ADD KEY `fk_usuario_roles` (`id_rol`);

--
-- AUTO_INCREMENT de las tablas volcadas
--

--
-- AUTO_INCREMENT de la tabla `campo`
--
ALTER TABLE `campo`
  MODIFY `id_campo` int(11) NOT NULL AUTO_INCREMENT, AUTO_INCREMENT=4;

--
-- AUTO_INCREMENT de la tabla `cliente`
--
ALTER TABLE `cliente`
  MODIFY `id_cliente` int(11) NOT NULL AUTO_INCREMENT, AUTO_INCREMENT=4;

--
-- AUTO_INCREMENT de la tabla `coordenadas`
--
ALTER TABLE `coordenadas`
  MODIFY `id_coordenada` int(11) NOT NULL AUTO_INCREMENT, AUTO_INCREMENT=15;

--
-- AUTO_INCREMENT de la tabla `medicion`
--
ALTER TABLE `medicion`
  MODIFY `id_medicion` int(11) NOT NULL AUTO_INCREMENT, AUTO_INCREMENT=794;

--
-- AUTO_INCREMENT de la tabla `parcela`
--
ALTER TABLE `parcela`
  MODIFY `id_parcela` int(11) NOT NULL AUTO_INCREMENT, AUTO_INCREMENT=9;

--
-- AUTO_INCREMENT de la tabla `permisos_usuarios`
--
ALTER TABLE `permisos_usuarios`
  MODIFY `id_permiso` int(11) NOT NULL AUTO_INCREMENT, AUTO_INCREMENT=20;

--
-- AUTO_INCREMENT de la tabla `roles`
--
ALTER TABLE `roles`
  MODIFY `id_rol` int(11) NOT NULL AUTO_INCREMENT, AUTO_INCREMENT=5;

--
-- AUTO_INCREMENT de la tabla `sonda`
--
ALTER TABLE `sonda`
  MODIFY `id_sonda` int(11) NOT NULL AUTO_INCREMENT, AUTO_INCREMENT=5;

--
-- AUTO_INCREMENT de la tabla `usuario`
--
ALTER TABLE `usuario`
  MODIFY `id_usuario` int(11) NOT NULL AUTO_INCREMENT, AUTO_INCREMENT=23;

--
-- Restricciones para tablas volcadas
--

--
-- Filtros para la tabla `campo`
--
ALTER TABLE `campo`
  ADD CONSTRAINT `fk_campo_cliente` FOREIGN KEY (`id_cliente`) REFERENCES `cliente` (`id_cliente`);

--
-- Filtros para la tabla `coordenadas`
--
ALTER TABLE `coordenadas`
  ADD CONSTRAINT `fk_coordenada_parcela` FOREIGN KEY (`id_parcela`) REFERENCES `parcela` (`id_parcela`) ON DELETE CASCADE ON UPDATE CASCADE;

--
-- Filtros para la tabla `medicion`
--
ALTER TABLE `medicion`
  ADD CONSTRAINT `fk_medicion_parcela` FOREIGN KEY (`id_parcela`) REFERENCES `parcela` (`id_parcela`) ON DELETE CASCADE ON UPDATE CASCADE,
  ADD CONSTRAINT `fk_medicion_sonda` FOREIGN KEY (`id_sonda`) REFERENCES `sonda` (`id_sonda`) ON DELETE CASCADE ON UPDATE CASCADE;

--
-- Filtros para la tabla `parcela`
--
ALTER TABLE `parcela`
  ADD CONSTRAINT `fk_parcela_campo` FOREIGN KEY (`id_campo`) REFERENCES `campo` (`id_campo`);

--
-- Filtros para la tabla `permisos_usuarios`
--
ALTER TABLE `permisos_usuarios`
  ADD CONSTRAINT `pk_parcela_usuario` FOREIGN KEY (`id_parcela`) REFERENCES `parcela` (`id_parcela`),
  ADD CONSTRAINT `pk_usuario_parcela` FOREIGN KEY (`id_usuario`) REFERENCES `usuario` (`id_usuario`);

--
-- Filtros para la tabla `sonda`
--
ALTER TABLE `sonda`
  ADD CONSTRAINT `fk_sonda_parcela` FOREIGN KEY (`id_parcela`) REFERENCES `parcela` (`id_parcela`);

--
-- Filtros para la tabla `usuario`
--
ALTER TABLE `usuario`
  ADD CONSTRAINT `fk_usuario_cliente` FOREIGN KEY (`id_cliente`) REFERENCES `cliente` (`id_cliente`),
  ADD CONSTRAINT `fk_usuario_roles` FOREIGN KEY (`id_rol`) REFERENCES `roles` (`id_rol`);
COMMIT;

/*!40101 SET CHARACTER_SET_CLIENT=@OLD_CHARACTER_SET_CLIENT */;
/*!40101 SET CHARACTER_SET_RESULTS=@OLD_CHARACTER_SET_RESULTS */;
/*!40101 SET COLLATION_CONNECTION=@OLD_COLLATION_CONNECTION */;
