-- phpMyAdmin SQL Dump
-- version 5.0.1
-- https://www.phpmyadmin.net/
--
-- Servidor: 127.0.0.1
-- Tiempo de generación: 05-05-2020 a las 20:04:43
-- Versión del servidor: 10.4.11-MariaDB
-- Versión de PHP: 7.4.1

SET SQL_MODE = "NO_AUTO_VALUE_ON_ZERO";
SET AUTOCOMMIT = 0;
START TRANSACTION;
SET time_zone = "+00:00";


/*!40101 SET @OLD_CHARACTER_SET_CLIENT=@@CHARACTER_SET_CLIENT */;
/*!40101 SET @OLD_CHARACTER_SET_RESULTS=@@CHARACTER_SET_RESULTS */;
/*!40101 SET @OLD_COLLATION_CONNECTION=@@COLLATION_CONNECTION */;
/*!40101 SET NAMES utf8mb4 */;

--
-- Base de datos: `bd_tgc`
--

-- --------------------------------------------------------

--
-- Estructura de tabla para la tabla `campo`
--

CREATE TABLE `campo` (
  `id_campo` int(11) NOT NULL,
  `nombre` varchar(40) NOT NULL,
  `id_cliente` int(11) NOT NULL
) ENGINE=InnoDB DEFAULT CHARSET=utf8mb4;

--
-- Volcado de datos para la tabla `campo`
--

INSERT INTO `campo` (`id_campo`, `nombre`, `id_cliente`) VALUES
(1, 'Campo ', 1),
(2, 'Camposanto', 3),
(3, 'Campillo', 3);

-- --------------------------------------------------------

--
-- Estructura de tabla para la tabla `cliente`
--

CREATE TABLE `cliente` (
  `id_cliente` int(11) NOT NULL,
  `nombre` varchar(40) NOT NULL,
  `telefono` varchar(12) DEFAULT NULL,
  `mail` varchar(60) NOT NULL,
  `password` varchar(30) NOT NULL
) ENGINE=InnoDB DEFAULT CHARSET=utf8mb4;

--
-- Volcado de datos para la tabla `cliente`
--

INSERT INTO `cliente` (`id_cliente`, `nombre`, `telefono`, `mail`, `password`) VALUES
(1, 'Bancal', '655 555 555', 'bancales@bancal.es', '1234'),
(3, 'AlCampo', '666 666 666', 'alcampo.gerente@alcampo.es', '1234');

-- --------------------------------------------------------

--
-- Estructura de tabla para la tabla `coordenadas`
--

CREATE TABLE `coordenadas` (
  `id_coordenada` int(11) NOT NULL,
  `latitud` float DEFAULT NULL,
  `longitud` float DEFAULT NULL,
  `id_parcela` int(11) DEFAULT NULL
) ENGINE=InnoDB DEFAULT CHARSET=utf8mb4;

--
-- Volcado de datos para la tabla `coordenadas`
--

INSERT INTO `coordenadas` (`id_coordenada`, `latitud`, `longitud`, `id_parcela`) VALUES
(1, 63.8298, -22.6958, 1),
(2, 63.8298, -22.6981, 1),
(3, 63.8283, -22.6982, 1),
(4, 63.8281, -22.6933, 1),
(5, 63.8251, -22.7042, 2),
(6, 63.826, -22.6991, 2),
(7, 63.825, -22.6971, 2),
(8, 63.8239, -22.703, 2),
(9, 63.8323, -22.689, 3),
(10, 63.8324, -22.6838, 3),
(11, 63.8305, -22.6835, 3),
(12, 63.8306, -22.6889, 3),
(13, 64.8071, -22.781, 4),
(14, 64.8091, -22.7761, 4),
(15, 64.8034, -22.7748, 4),
(16, 64.8048, -22.7685, 4),
(17, 63.517, -19.5216, 5),
(18, 63.5082, -19.5394, 5),
(19, 63.4964, -19.4983, 5),
(20, 63.5085, -19.4861, 5),
(21, 63.8864, -16.6007, 6),
(22, 63.883, -16.5935, 6),
(23, 63.8869, -16.5839, 6),
(24, 63.8895, -16.5896, 6),
(25, 63.8927, -16.5871, 7),
(26, 63.8964, -16.5786, 7),
(27, 63.8927, -16.5872, 7),
(28, 63.8904, -16.5842, 7),
(29, 63.8979, -16.5796, 8),
(30, 63.8946, -16.5727, 8),
(31, 63.8977, -16.5657, 8),
(32, 63.9012, -16.5719, 8);

-- --------------------------------------------------------

--
-- Estructura de tabla para la tabla `medicion`
--

CREATE TABLE `medicion` (
  `id_medicion` int(11) NOT NULL,
  `medicion` varchar(40) NOT NULL,
  `fecha` date NOT NULL,
  `hora` time NOT NULL,
  `id_parcela` int(11) DEFAULT NULL,
  `id_sonda` int(11) NOT NULL,
  `tipoDato` enum('Temperatura','Humedad','Salinidad','Luminosidad') NOT NULL
) ENGINE=InnoDB DEFAULT CHARSET=utf8mb4;

--
-- Volcado de datos para la tabla `medicion`
--

INSERT INTO `medicion` (`id_medicion`, `medicion`, `fecha`, `hora`, `id_parcela`, `id_sonda`, `tipoDato`) VALUES
(1, '13', '2020-03-11', '01:00:00', 2, 3, 'Temperatura'),
(2, '12', '2020-03-11', '02:00:00', 2, 3, 'Temperatura'),
(3, '12', '2020-03-11', '03:00:00', 2, 3, 'Temperatura'),
(4, '11', '2020-03-11', '04:00:00', 2, 3, 'Temperatura'),
(5, '14', '2020-03-11', '05:00:00', 2, 3, 'Temperatura'),
(6, '15', '2020-03-11', '06:00:00', 2, 3, 'Temperatura'),
(7, '16', '2020-03-11', '07:00:00', 2, 3, 'Temperatura'),
(8, '17', '2020-03-11', '08:00:00', 2, 3, 'Temperatura'),
(9, '17', '2020-03-11', '09:00:00', 2, 3, 'Temperatura'),
(10, '18', '2020-03-11', '10:00:00', 2, 3, 'Temperatura'),
(11, '21', '2020-03-11', '11:00:00', 2, 3, 'Temperatura'),
(12, '22', '2020-03-11', '12:00:00', 2, 3, 'Temperatura'),
(13, '23', '2020-03-11', '13:00:00', 2, 3, 'Temperatura'),
(14, '23', '2020-03-11', '14:00:00', 2, 3, 'Temperatura'),
(15, '23', '2020-03-11', '15:00:00', 2, 3, 'Temperatura'),
(16, '22', '2020-03-11', '16:00:00', 2, 3, 'Temperatura'),
(17, '23', '2020-03-11', '17:00:00', 2, 3, 'Temperatura'),
(18, '21', '2020-03-11', '18:00:00', 2, 3, 'Temperatura'),
(19, '19', '2020-03-11', '19:00:00', 2, 3, 'Temperatura'),
(20, '18', '2020-03-11', '20:00:00', 2, 3, 'Temperatura'),
(21, '16', '2020-03-11', '21:00:00', 2, 3, 'Temperatura'),
(22, '15', '2020-03-11', '22:00:00', 2, 3, 'Temperatura'),
(23, '14', '2020-03-11', '23:00:00', 2, 3, 'Temperatura'),
(24, '13', '2020-03-11', '00:00:00', 2, 3, 'Temperatura'),
(25, '0', '2020-03-11', '01:00:00', 2, 3, 'Luminosidad'),
(26, '0', '2020-03-11', '02:00:00', 2, 3, 'Luminosidad'),
(27, '0', '2020-03-11', '03:00:00', 2, 3, 'Luminosidad'),
(28, '0', '2020-03-11', '04:00:00', 2, 3, 'Luminosidad'),
(29, '0', '2020-03-11', '05:00:00', 2, 3, 'Luminosidad'),
(30, '7', '2020-03-11', '06:00:00', 2, 3, 'Luminosidad'),
(31, '12', '2020-03-11', '07:00:00', 2, 3, 'Luminosidad'),
(32, '19', '2020-03-11', '08:00:00', 2, 3, 'Luminosidad'),
(33, '25', '2020-03-11', '09:00:00', 2, 3, 'Luminosidad'),
(34, '37', '2020-03-11', '10:00:00', 2, 3, 'Luminosidad'),
(35, '54', '2020-03-11', '11:00:00', 2, 3, 'Luminosidad'),
(36, '72', '2020-03-11', '12:00:00', 2, 3, 'Luminosidad'),
(37, '79', '2020-03-11', '13:00:00', 2, 3, 'Luminosidad'),
(38, '81', '2020-03-11', '14:00:00', 2, 3, 'Luminosidad'),
(39, '82', '2020-03-11', '15:00:00', 2, 3, 'Luminosidad'),
(40, '81', '2020-03-11', '16:00:00', 2, 3, 'Luminosidad'),
(41, '72', '2020-03-11', '17:00:00', 2, 3, 'Luminosidad'),
(42, '67', '2020-03-11', '18:00:00', 2, 3, 'Luminosidad'),
(43, '54', '2020-03-11', '19:00:00', 2, 3, 'Luminosidad'),
(44, '37', '2020-03-11', '20:00:00', 2, 3, 'Luminosidad'),
(45, '14', '2020-03-11', '21:00:00', 2, 3, 'Luminosidad'),
(46, '3', '2020-03-11', '22:00:00', 2, 3, 'Luminosidad'),
(47, '0', '2020-03-11', '23:00:00', 2, 3, 'Luminosidad'),
(48, '0', '2020-03-11', '00:00:00', 2, 3, 'Luminosidad'),
(49, '74', '2020-03-11', '01:00:00', 2, 3, 'Humedad'),
(50, '77', '2020-03-11', '02:00:00', 2, 3, 'Humedad'),
(51, '85', '2020-03-11', '03:00:00', 2, 3, 'Humedad'),
(52, '87', '2020-03-11', '04:00:00', 2, 3, 'Humedad'),
(53, '84', '2020-03-11', '05:00:00', 2, 3, 'Humedad'),
(54, '77', '2020-03-11', '06:00:00', 2, 3, 'Humedad'),
(55, '76', '2020-03-11', '07:00:00', 2, 3, 'Humedad'),
(56, '76', '2020-03-11', '08:00:00', 2, 3, 'Humedad'),
(57, '74', '2020-03-11', '09:00:00', 2, 3, 'Humedad'),
(58, '75', '2020-03-11', '10:00:00', 2, 3, 'Humedad'),
(59, '66', '2020-03-11', '11:00:00', 2, 3, 'Humedad'),
(60, '67', '2020-03-11', '12:00:00', 2, 3, 'Humedad'),
(61, '62', '2020-03-11', '13:00:00', 2, 3, 'Humedad'),
(62, '63', '2020-03-11', '14:00:00', 2, 3, 'Humedad'),
(63, '58', '2020-03-11', '15:00:00', 2, 3, 'Humedad'),
(64, '59', '2020-03-11', '16:00:00', 2, 3, 'Humedad'),
(65, '53', '2020-03-11', '17:00:00', 2, 3, 'Humedad'),
(66, '55', '2020-03-11', '18:00:00', 2, 3, 'Humedad'),
(67, '73', '2020-03-11', '19:00:00', 2, 3, 'Humedad'),
(68, '75', '2020-03-11', '20:00:00', 2, 3, 'Humedad'),
(69, '74', '2020-03-11', '21:00:00', 2, 3, 'Humedad'),
(70, '77', '2020-03-11', '22:00:00', 2, 3, 'Humedad'),
(71, '81', '2020-03-11', '23:00:00', 2, 3, 'Humedad'),
(72, '80', '2020-03-11', '00:00:00', 2, 3, 'Humedad'),
(73, '18', '2020-03-11', '01:00:00', 2, 3, 'Salinidad'),
(74, '17', '2020-03-11', '02:00:00', 2, 3, 'Salinidad'),
(75, '17', '2020-03-11', '03:00:00', 2, 3, 'Salinidad'),
(76, '19', '2020-03-11', '04:00:00', 2, 3, 'Salinidad'),
(77, '17', '2020-03-11', '05:00:00', 2, 3, 'Salinidad'),
(78, '18', '2020-03-11', '06:00:00', 2, 3, 'Salinidad'),
(79, '18', '2020-03-11', '07:00:00', 2, 3, 'Salinidad'),
(80, '18', '2020-03-11', '08:00:00', 2, 3, 'Salinidad'),
(81, '17', '2020-03-11', '09:00:00', 2, 3, 'Salinidad'),
(82, '18', '2020-03-11', '10:00:00', 2, 3, 'Salinidad'),
(83, '17', '2020-03-11', '11:00:00', 2, 3, 'Salinidad'),
(84, '18', '2020-03-11', '12:00:00', 2, 3, 'Salinidad'),
(85, '17', '2020-03-11', '13:00:00', 2, 3, 'Salinidad'),
(86, '17', '2020-03-11', '14:00:00', 2, 3, 'Salinidad'),
(87, '18', '2020-03-11', '15:00:00', 2, 3, 'Salinidad'),
(88, '18', '2020-03-11', '16:00:00', 2, 3, 'Salinidad'),
(89, '17', '2020-03-11', '17:00:00', 2, 3, 'Salinidad'),
(90, '18', '2020-03-11', '18:00:00', 2, 3, 'Salinidad'),
(91, '18', '2020-03-11', '19:00:00', 2, 3, 'Salinidad'),
(92, '18', '2020-03-11', '20:00:00', 2, 3, 'Salinidad'),
(93, '18', '2020-03-11', '21:00:00', 2, 3, 'Salinidad'),
(94, '17', '2020-03-11', '22:00:00', 2, 3, 'Salinidad'),
(95, '18', '2020-03-11', '23:00:00', 2, 3, 'Salinidad'),
(96, '18', '2020-03-11', '00:00:00', 2, 3, 'Salinidad'),
(97, '15', '2020-03-11', '01:00:00', 3, 4, 'Temperatura'),
(98, '14', '2020-03-11', '02:00:00', 3, 4, 'Temperatura'),
(99, '14', '2020-03-11', '03:00:00', 3, 4, 'Temperatura'),
(100, '13', '2020-03-11', '04:00:00', 3, 4, 'Temperatura'),
(101, '15', '2020-03-11', '05:00:00', 3, 4, 'Temperatura'),
(102, '16', '2020-03-11', '06:00:00', 3, 4, 'Temperatura'),
(103, '16', '2020-03-11', '07:00:00', 3, 4, 'Temperatura'),
(104, '20', '2020-03-11', '08:00:00', 3, 4, 'Temperatura'),
(105, '19', '2020-03-11', '09:00:00', 3, 4, 'Temperatura'),
(106, '21', '2020-03-11', '10:00:00', 3, 4, 'Temperatura'),
(107, '23', '2020-03-11', '11:00:00', 3, 4, 'Temperatura'),
(108, '23', '2020-03-11', '12:00:00', 3, 4, 'Temperatura'),
(109, '24', '2020-03-11', '13:00:00', 3, 4, 'Temperatura'),
(110, '24', '2020-03-11', '14:00:00', 3, 4, 'Temperatura'),
(111, '25', '2020-03-11', '15:00:00', 3, 4, 'Temperatura'),
(112, '24', '2020-03-11', '16:00:00', 3, 4, 'Temperatura'),
(113, '25', '2020-03-11', '17:00:00', 3, 4, 'Temperatura'),
(114, '23', '2020-03-11', '18:00:00', 3, 4, 'Temperatura'),
(115, '21', '2020-03-11', '19:00:00', 3, 4, 'Temperatura'),
(116, '20', '2020-03-11', '20:00:00', 3, 4, 'Temperatura'),
(117, '18', '2020-03-11', '21:00:00', 3, 4, 'Temperatura'),
(118, '16', '2020-03-11', '22:00:00', 3, 4, 'Temperatura'),
(119, '15', '2020-03-11', '23:00:00', 3, 4, 'Temperatura'),
(120, '15', '2020-03-11', '00:00:00', 3, 4, 'Temperatura'),
(121, '0', '2020-03-11', '01:00:00', 3, 4, 'Luminosidad'),
(122, '0', '2020-03-11', '02:00:00', 3, 4, 'Luminosidad'),
(123, '0', '2020-03-11', '03:00:00', 3, 4, 'Luminosidad'),
(124, '0', '2020-03-11', '04:00:00', 3, 4, 'Luminosidad'),
(125, '0', '2020-03-11', '05:00:00', 3, 4, 'Luminosidad'),
(126, '8', '2020-03-11', '06:00:00', 3, 4, 'Luminosidad'),
(127, '10', '2020-03-11', '07:00:00', 3, 4, 'Luminosidad'),
(128, '18', '2020-03-11', '08:00:00', 3, 4, 'Luminosidad'),
(129, '24', '2020-03-11', '09:00:00', 3, 4, 'Luminosidad'),
(130, '35', '2020-03-11', '10:00:00', 3, 4, 'Luminosidad'),
(131, '49', '2020-03-11', '11:00:00', 3, 4, 'Luminosidad'),
(132, '71', '2020-03-11', '12:00:00', 3, 4, 'Luminosidad'),
(133, '77', '2020-03-11', '13:00:00', 3, 4, 'Luminosidad'),
(134, '80', '2020-03-11', '14:00:00', 3, 4, 'Luminosidad'),
(135, '81', '2020-03-11', '15:00:00', 3, 4, 'Luminosidad'),
(136, '79', '2020-03-11', '16:00:00', 3, 4, 'Luminosidad'),
(137, '71', '2020-03-11', '17:00:00', 3, 4, 'Luminosidad'),
(138, '65', '2020-03-11', '18:00:00', 3, 4, 'Luminosidad'),
(139, '52', '2020-03-11', '19:00:00', 3, 4, 'Luminosidad'),
(140, '35', '2020-03-11', '20:00:00', 3, 4, 'Luminosidad'),
(141, '12', '2020-03-11', '21:00:00', 3, 4, 'Luminosidad'),
(142, '2', '2020-03-11', '22:00:00', 3, 4, 'Luminosidad'),
(143, '0', '2020-03-11', '23:00:00', 3, 4, 'Luminosidad'),
(144, '0', '2020-03-11', '00:00:00', 3, 4, 'Luminosidad'),
(145, '77', '2020-03-11', '01:00:00', 3, 4, 'Humedad'),
(146, '79', '2020-03-11', '02:00:00', 3, 4, 'Humedad'),
(147, '87', '2020-03-11', '03:00:00', 3, 4, 'Humedad'),
(148, '89', '2020-03-11', '04:00:00', 3, 4, 'Humedad'),
(149, '87', '2020-03-11', '05:00:00', 3, 4, 'Humedad'),
(150, '79', '2020-03-11', '06:00:00', 3, 4, 'Humedad'),
(151, '79', '2020-03-11', '07:00:00', 3, 4, 'Humedad'),
(152, '78', '2020-03-11', '08:00:00', 3, 4, 'Humedad'),
(153, '78', '2020-03-11', '09:00:00', 3, 4, 'Humedad'),
(154, '77', '2020-03-11', '10:00:00', 3, 4, 'Humedad'),
(155, '69', '2020-03-11', '11:00:00', 3, 4, 'Humedad'),
(156, '69', '2020-03-11', '12:00:00', 3, 4, 'Humedad'),
(157, '65', '2020-03-11', '13:00:00', 3, 4, 'Humedad'),
(158, '65', '2020-03-11', '14:00:00', 3, 4, 'Humedad'),
(159, '59', '2020-03-11', '15:00:00', 3, 4, 'Humedad'),
(160, '62', '2020-03-11', '16:00:00', 3, 4, 'Humedad'),
(161, '55', '2020-03-11', '17:00:00', 3, 4, 'Humedad'),
(162, '58', '2020-03-11', '18:00:00', 3, 4, 'Humedad'),
(163, '77', '2020-03-11', '19:00:00', 3, 4, 'Humedad'),
(164, '77', '2020-03-11', '20:00:00', 3, 4, 'Humedad'),
(165, '78', '2020-03-11', '21:00:00', 3, 4, 'Humedad'),
(166, '81', '2020-03-11', '22:00:00', 3, 4, 'Humedad'),
(167, '85', '2020-03-11', '23:00:00', 3, 4, 'Humedad'),
(168, '84', '2020-03-11', '00:00:00', 3, 4, 'Humedad'),
(169, '15', '2020-03-11', '01:00:00', 3, 4, 'Salinidad'),
(170, '16', '2020-03-11', '02:00:00', 3, 4, 'Salinidad'),
(171, '15', '2020-03-11', '03:00:00', 3, 4, 'Salinidad'),
(172, '17', '2020-03-11', '04:00:00', 3, 4, 'Salinidad'),
(173, '16', '2020-03-11', '05:00:00', 3, 4, 'Salinidad'),
(174, '17', '2020-03-11', '06:00:00', 3, 4, 'Salinidad'),
(175, '16', '2020-03-11', '07:00:00', 3, 4, 'Salinidad'),
(176, '16', '2020-03-11', '08:00:00', 3, 4, 'Salinidad'),
(177, '16', '2020-03-11', '09:00:00', 3, 4, 'Salinidad'),
(178, '16', '2020-03-11', '10:00:00', 3, 4, 'Salinidad'),
(179, '16', '2020-03-11', '11:00:00', 3, 4, 'Salinidad'),
(180, '17', '2020-03-11', '12:00:00', 3, 4, 'Salinidad'),
(181, '15', '2020-03-11', '13:00:00', 3, 4, 'Salinidad'),
(182, '15', '2020-03-11', '14:00:00', 3, 4, 'Salinidad'),
(183, '17', '2020-03-11', '15:00:00', 3, 4, 'Salinidad'),
(184, '16', '2020-03-11', '16:00:00', 3, 4, 'Salinidad'),
(185, '15', '2020-03-11', '17:00:00', 3, 4, 'Salinidad'),
(186, '16', '2020-03-11', '18:00:00', 3, 4, 'Salinidad'),
(187, '17', '2020-03-11', '19:00:00', 3, 4, 'Salinidad'),
(188, '16', '2020-03-11', '20:00:00', 3, 4, 'Salinidad'),
(189, '16', '2020-03-11', '21:00:00', 3, 4, 'Salinidad'),
(190, '15', '2020-03-11', '22:00:00', 3, 4, 'Salinidad'),
(191, '17', '2020-03-11', '23:00:00', 3, 4, 'Salinidad'),
(192, '16', '2020-03-11', '00:00:00', 3, 4, 'Salinidad'),
(290, '11', '2020-03-11', '01:00:00', 1, 1, 'Temperatura'),
(291, '12', '2020-03-11', '02:00:00', 1, 1, 'Temperatura'),
(292, '11', '2020-03-11', '03:00:00', 1, 1, 'Temperatura'),
(293, '12', '2020-03-11', '04:00:00', 1, 1, 'Temperatura'),
(294, '13', '2020-03-11', '05:00:00', 1, 1, 'Temperatura'),
(295, '14', '2020-03-11', '06:00:00', 1, 1, 'Temperatura'),
(296, '14', '2020-03-11', '07:00:00', 1, 1, 'Temperatura'),
(297, '16', '2020-03-11', '08:00:00', 1, 1, 'Temperatura'),
(298, '17', '2020-03-11', '09:00:00', 1, 1, 'Temperatura'),
(299, '18', '2020-03-11', '10:00:00', 1, 1, 'Temperatura'),
(300, '19', '2020-03-11', '11:00:00', 1, 1, 'Temperatura'),
(301, '21', '2020-03-11', '12:00:00', 1, 1, 'Temperatura'),
(302, '22', '2020-03-11', '13:00:00', 1, 1, 'Temperatura'),
(303, '22', '2020-03-11', '14:00:00', 1, 1, 'Temperatura'),
(304, '23', '2020-03-11', '15:00:00', 1, 1, 'Temperatura'),
(305, '23', '2020-03-11', '16:00:00', 1, 1, 'Temperatura'),
(306, '22', '2020-03-11', '17:00:00', 1, 1, 'Temperatura'),
(307, '21', '2020-03-11', '18:00:00', 1, 1, 'Temperatura'),
(308, '19', '2020-03-11', '19:00:00', 1, 1, 'Temperatura'),
(309, '18', '2020-03-11', '20:00:00', 1, 1, 'Temperatura'),
(310, '16', '2020-03-11', '21:00:00', 1, 1, 'Temperatura'),
(311, '14', '2020-03-11', '22:00:00', 1, 1, 'Temperatura'),
(312, '14', '2020-03-11', '23:00:00', 1, 1, 'Temperatura'),
(313, '13', '2020-03-11', '00:00:00', 1, 1, 'Temperatura'),
(314, '0', '2020-03-11', '01:00:00', 1, 1, 'Luminosidad'),
(315, '0', '2020-03-11', '02:00:00', 1, 1, 'Luminosidad'),
(316, '0', '2020-03-11', '03:00:00', 1, 1, 'Luminosidad'),
(317, '0', '2020-03-11', '04:00:00', 1, 1, 'Luminosidad'),
(318, '0', '2020-03-11', '05:00:00', 1, 1, 'Luminosidad'),
(319, '12', '2020-03-11', '06:00:00', 1, 1, 'Luminosidad'),
(320, '14', '2020-03-11', '07:00:00', 1, 1, 'Luminosidad'),
(321, '22', '2020-03-11', '08:00:00', 1, 1, 'Luminosidad'),
(322, '22', '2020-03-11', '09:00:00', 1, 1, 'Luminosidad'),
(323, '38', '2020-03-11', '10:00:00', 1, 1, 'Luminosidad'),
(324, '53', '2020-03-11', '11:00:00', 1, 1, 'Luminosidad'),
(325, '75', '2020-03-11', '12:00:00', 1, 1, 'Luminosidad'),
(326, '81', '2020-03-11', '13:00:00', 1, 1, 'Luminosidad'),
(327, '85', '2020-03-11', '14:00:00', 1, 1, 'Luminosidad'),
(328, '86', '2020-03-11', '15:00:00', 1, 1, 'Luminosidad'),
(329, '88', '2020-03-11', '16:00:00', 1, 1, 'Luminosidad'),
(330, '73', '2020-03-11', '17:00:00', 1, 1, 'Luminosidad'),
(331, '69', '2020-03-11', '18:00:00', 1, 1, 'Luminosidad'),
(332, '58', '2020-03-11', '19:00:00', 1, 1, 'Luminosidad'),
(333, '39', '2020-03-11', '20:00:00', 1, 1, 'Luminosidad'),
(334, '18', '2020-03-11', '21:00:00', 1, 1, 'Luminosidad'),
(335, '2', '2020-03-11', '22:00:00', 1, 1, 'Luminosidad'),
(336, '0', '2020-03-11', '23:00:00', 1, 1, 'Luminosidad'),
(337, '0', '2020-03-11', '00:00:00', 1, 1, 'Luminosidad'),
(338, '79', '2020-03-11', '01:00:00', 1, 1, 'Humedad'),
(339, '82', '2020-03-11', '02:00:00', 1, 1, 'Humedad'),
(340, '89', '2020-03-11', '03:00:00', 1, 1, 'Humedad'),
(341, '89', '2020-03-11', '04:00:00', 1, 1, 'Humedad'),
(342, '88', '2020-03-11', '05:00:00', 1, 1, 'Humedad'),
(343, '82', '2020-03-11', '06:00:00', 1, 1, 'Humedad'),
(344, '79', '2020-03-11', '07:00:00', 1, 1, 'Humedad'),
(345, '79', '2020-03-11', '08:00:00', 1, 1, 'Humedad'),
(346, '78', '2020-03-11', '09:00:00', 1, 1, 'Humedad'),
(347, '77', '2020-03-11', '10:00:00', 1, 1, 'Humedad'),
(348, '69', '2020-03-11', '11:00:00', 1, 1, 'Humedad'),
(349, '69', '2020-03-11', '12:00:00', 1, 1, 'Humedad'),
(350, '66', '2020-03-11', '13:00:00', 1, 1, 'Humedad'),
(351, '67', '2020-03-11', '14:00:00', 1, 1, 'Humedad'),
(352, '59', '2020-03-11', '15:00:00', 1, 1, 'Humedad'),
(353, '57', '2020-03-11', '16:00:00', 1, 1, 'Humedad'),
(354, '58', '2020-03-11', '17:00:00', 1, 1, 'Humedad'),
(355, '55', '2020-03-11', '18:00:00', 1, 1, 'Humedad'),
(356, '77', '2020-03-11', '19:00:00', 1, 1, 'Humedad'),
(357, '79', '2020-03-11', '20:00:00', 1, 1, 'Humedad'),
(358, '80', '2020-03-11', '21:00:00', 1, 1, 'Humedad'),
(359, '84', '2020-03-11', '22:00:00', 1, 1, 'Humedad'),
(360, '87', '2020-03-11', '23:00:00', 1, 1, 'Humedad'),
(361, '87', '2020-03-11', '00:00:00', 1, 1, 'Humedad'),
(362, '15', '2020-03-11', '01:00:00', 1, 1, 'Salinidad'),
(363, '16', '2020-03-11', '02:00:00', 1, 1, 'Salinidad'),
(364, '15', '2020-03-11', '03:00:00', 1, 1, 'Salinidad'),
(365, '17', '2020-03-11', '04:00:00', 1, 1, 'Salinidad'),
(366, '16', '2020-03-11', '05:00:00', 1, 1, 'Salinidad'),
(367, '17', '2020-03-11', '06:00:00', 1, 1, 'Salinidad'),
(368, '16', '2020-03-11', '07:00:00', 1, 1, 'Salinidad'),
(369, '16', '2020-03-11', '08:00:00', 1, 1, 'Salinidad'),
(370, '16', '2020-03-11', '09:00:00', 1, 1, 'Salinidad'),
(371, '16', '2020-03-11', '10:00:00', 1, 1, 'Salinidad'),
(372, '16', '2020-03-11', '11:00:00', 1, 1, 'Salinidad'),
(373, '17', '2020-03-11', '12:00:00', 1, 1, 'Salinidad'),
(374, '15', '2020-03-11', '13:00:00', 1, 1, 'Salinidad'),
(375, '15', '2020-03-11', '14:00:00', 1, 1, 'Salinidad'),
(376, '17', '2020-03-11', '15:00:00', 1, 1, 'Salinidad'),
(377, '16', '2020-03-11', '16:00:00', 1, 1, 'Salinidad'),
(378, '15', '2020-03-11', '17:00:00', 1, 1, 'Salinidad'),
(379, '16', '2020-03-11', '18:00:00', 1, 1, 'Salinidad'),
(380, '17', '2020-03-11', '19:00:00', 1, 1, 'Salinidad'),
(381, '16', '2020-03-11', '20:00:00', 1, 1, 'Salinidad'),
(382, '16', '2020-03-11', '21:00:00', 1, 1, 'Salinidad'),
(383, '15', '2020-03-11', '22:00:00', 1, 1, 'Salinidad'),
(384, '17', '2020-03-11', '23:00:00', 1, 1, 'Salinidad'),
(385, '16', '2020-03-11', '00:00:00', 1, 1, 'Salinidad'),
(795, '0', '2020-03-12', '01:00:00', 2, 3, 'Temperatura'),
(796, '1', '2020-03-12', '02:00:00', 2, 3, 'Temperatura'),
(797, '2', '2020-03-12', '03:00:00', 2, 3, 'Temperatura'),
(798, '3', '2020-03-12', '04:00:00', 2, 3, 'Temperatura'),
(799, '4', '2020-03-12', '05:00:00', 2, 3, 'Temperatura'),
(800, '5', '2020-03-12', '06:00:00', 2, 3, 'Temperatura'),
(801, '5', '2020-03-12', '07:00:00', 2, 3, 'Temperatura'),
(802, '-1', '2020-03-12', '08:00:00', 2, 3, 'Temperatura'),
(803, '-2', '2020-03-12', '09:00:00', 2, 3, 'Temperatura'),
(804, '5', '2020-03-12', '10:00:00', 2, 3, 'Temperatura'),
(805, '4', '2020-03-12', '11:00:00', 2, 3, 'Temperatura'),
(806, '10', '2020-03-12', '12:00:00', 2, 3, 'Temperatura'),
(807, '12', '2020-03-12', '13:00:00', 2, 3, 'Temperatura'),
(808, '13', '2020-03-12', '14:00:00', 2, 3, 'Temperatura'),
(809, '15', '2020-03-12', '15:00:00', 2, 3, 'Temperatura'),
(810, '30', '2020-03-12', '16:00:00', 2, 3, 'Temperatura'),
(811, '26', '2020-03-12', '17:00:00', 2, 3, 'Temperatura'),
(812, '29', '2020-03-12', '18:00:00', 2, 3, 'Temperatura'),
(813, '35', '2020-03-12', '19:00:00', 2, 3, 'Temperatura'),
(814, '36', '2020-03-12', '20:00:00', 2, 3, 'Temperatura'),
(815, '14', '2020-03-12', '21:00:00', 2, 3, 'Temperatura'),
(816, '13', '2020-03-12', '22:00:00', 2, 3, 'Temperatura'),
(817, '12', '2020-03-12', '23:00:00', 2, 3, 'Temperatura'),
(818, '14', '2020-03-12', '00:00:00', 2, 3, 'Temperatura'),
(819, '0', '2020-03-12', '01:00:00', 2, 3, 'Luminosidad'),
(820, '0', '2020-03-12', '02:00:00', 2, 3, 'Luminosidad'),
(821, '0', '2020-03-12', '03:00:00', 2, 3, 'Luminosidad'),
(822, '0', '2020-03-12', '04:00:00', 2, 3, 'Luminosidad'),
(823, '0', '2020-03-12', '05:00:00', 2, 3, 'Luminosidad'),
(824, '7', '2020-03-12', '06:00:00', 2, 3, 'Luminosidad'),
(825, '12', '2020-03-12', '07:00:00', 2, 3, 'Luminosidad'),
(826, '19', '2020-03-12', '08:00:00', 2, 3, 'Luminosidad'),
(827, '25', '2020-03-12', '09:00:00', 2, 3, 'Luminosidad'),
(828, '37', '2020-03-12', '10:00:00', 2, 3, 'Luminosidad'),
(829, '54', '2020-03-12', '11:00:00', 2, 3, 'Luminosidad'),
(830, '72', '2020-03-12', '12:00:00', 2, 3, 'Luminosidad'),
(831, '79', '2020-03-12', '13:00:00', 2, 3, 'Luminosidad'),
(832, '81', '2020-03-12', '14:00:00', 2, 3, 'Luminosidad'),
(833, '82', '2020-03-12', '15:00:00', 2, 3, 'Luminosidad'),
(834, '81', '2020-03-12', '16:00:00', 2, 3, 'Luminosidad'),
(835, '72', '2020-03-12', '17:00:00', 2, 3, 'Luminosidad'),
(836, '67', '2020-03-12', '18:00:00', 2, 3, 'Luminosidad'),
(837, '54', '2020-03-12', '19:00:00', 2, 3, 'Luminosidad'),
(838, '37', '2020-03-12', '20:00:00', 2, 3, 'Luminosidad'),
(839, '14', '2020-03-12', '21:00:00', 2, 3, 'Luminosidad'),
(840, '3', '2020-03-12', '22:00:00', 2, 3, 'Luminosidad'),
(841, '0', '2020-03-12', '23:00:00', 2, 3, 'Luminosidad'),
(842, '0', '2020-03-12', '00:00:00', 2, 3, 'Luminosidad'),
(843, '76', '2020-03-12', '01:00:00', 2, 3, 'Humedad'),
(844, '77', '2020-03-12', '02:00:00', 2, 3, 'Humedad'),
(845, '86', '2020-03-12', '03:00:00', 2, 3, 'Humedad'),
(846, '88', '2020-03-12', '04:00:00', 2, 3, 'Humedad'),
(847, '83', '2020-03-12', '05:00:00', 2, 3, 'Humedad'),
(848, '76', '2020-03-12', '06:00:00', 2, 3, 'Humedad'),
(849, '77', '2020-03-12', '07:00:00', 2, 3, 'Humedad'),
(850, '78', '2020-03-12', '08:00:00', 2, 3, 'Humedad'),
(851, '76', '2020-03-12', '09:00:00', 2, 3, 'Humedad'),
(852, '74', '2020-03-12', '10:00:00', 2, 3, 'Humedad'),
(853, '67', '2020-03-12', '11:00:00', 2, 3, 'Humedad'),
(854, '68', '2020-03-12', '12:00:00', 2, 3, 'Humedad'),
(855, '62', '2020-03-12', '13:00:00', 2, 3, 'Humedad'),
(856, '62', '2020-03-12', '14:00:00', 2, 3, 'Humedad'),
(857, '59', '2020-03-12', '15:00:00', 2, 3, 'Humedad'),
(858, '60', '2020-03-12', '16:00:00', 2, 3, 'Humedad'),
(859, '54', '2020-03-12', '17:00:00', 2, 3, 'Humedad'),
(860, '56', '2020-03-12', '18:00:00', 2, 3, 'Humedad'),
(861, '74', '2020-03-12', '19:00:00', 2, 3, 'Humedad'),
(862, '76', '2020-03-12', '20:00:00', 2, 3, 'Humedad'),
(863, '75', '2020-03-12', '21:00:00', 2, 3, 'Humedad'),
(864, '76', '2020-03-12', '22:00:00', 2, 3, 'Humedad'),
(865, '82', '2020-03-12', '23:00:00', 2, 3, 'Humedad'),
(866, '81', '2020-03-12', '00:00:00', 2, 3, 'Humedad'),
(867, '19', '2020-03-12', '01:00:00', 2, 3, 'Salinidad'),
(868, '18', '2020-03-12', '02:00:00', 2, 3, 'Salinidad'),
(869, '16', '2020-03-12', '03:00:00', 2, 3, 'Salinidad'),
(870, '20', '2020-03-12', '04:00:00', 2, 3, 'Salinidad'),
(871, '18', '2020-03-12', '05:00:00', 2, 3, 'Salinidad'),
(872, '17', '2020-03-12', '06:00:00', 2, 3, 'Salinidad'),
(873, '17', '2020-03-12', '07:00:00', 2, 3, 'Salinidad'),
(874, '17', '2020-03-12', '08:00:00', 2, 3, 'Salinidad'),
(875, '18', '2020-03-12', '09:00:00', 2, 3, 'Salinidad'),
(876, '19', '2020-03-12', '10:00:00', 2, 3, 'Salinidad'),
(877, '18', '2020-03-12', '11:00:00', 2, 3, 'Salinidad'),
(878, '17', '2020-03-12', '12:00:00', 2, 3, 'Salinidad'),
(879, '18', '2020-03-12', '13:00:00', 2, 3, 'Salinidad'),
(880, '16', '2020-03-12', '14:00:00', 2, 3, 'Salinidad'),
(881, '17', '2020-03-12', '15:00:00', 2, 3, 'Salinidad'),
(882, '19', '2020-03-12', '16:00:00', 2, 3, 'Salinidad'),
(883, '19', '2020-03-12', '17:00:00', 2, 3, 'Salinidad'),
(884, '19', '2020-03-12', '18:00:00', 2, 3, 'Salinidad'),
(885, '19', '2020-03-12', '19:00:00', 2, 3, 'Salinidad'),
(886, '19', '2020-03-12', '20:00:00', 2, 3, 'Salinidad'),
(887, '19', '2020-03-12', '21:00:00', 2, 3, 'Salinidad'),
(888, '18', '2020-03-12', '22:00:00', 2, 3, 'Salinidad'),
(889, '19', '2020-03-12', '23:00:00', 2, 3, 'Salinidad'),
(890, '19', '2020-03-12', '00:00:00', 2, 3, 'Salinidad'),
(891, '17', '2020-03-12', '01:00:00', 3, 4, 'Temperatura'),
(892, '16', '2020-03-12', '02:00:00', 3, 4, 'Temperatura'),
(893, '15', '2020-03-12', '03:00:00', 3, 4, 'Temperatura'),
(894, '15', '2020-03-12', '04:00:00', 3, 4, 'Temperatura'),
(895, '16', '2020-03-12', '05:00:00', 3, 4, 'Temperatura'),
(896, '17', '2020-03-12', '06:00:00', 3, 4, 'Temperatura'),
(897, '17', '2020-03-12', '07:00:00', 3, 4, 'Temperatura'),
(898, '21', '2020-03-12', '08:00:00', 3, 4, 'Temperatura'),
(899, '20', '2020-03-12', '09:00:00', 3, 4, 'Temperatura'),
(900, '22', '2020-03-12', '10:00:00', 3, 4, 'Temperatura'),
(901, '24', '2020-03-12', '11:00:00', 3, 4, 'Temperatura'),
(902, '24', '2020-03-12', '12:00:00', 3, 4, 'Temperatura'),
(903, '25', '2020-03-12', '13:00:00', 3, 4, 'Temperatura'),
(904, '25', '2020-03-12', '14:00:00', 3, 4, 'Temperatura'),
(905, '26', '2020-03-12', '15:00:00', 3, 4, 'Temperatura'),
(906, '25', '2020-03-12', '16:00:00', 3, 4, 'Temperatura'),
(907, '26', '2020-03-12', '17:00:00', 3, 4, 'Temperatura'),
(908, '24', '2020-03-12', '18:00:00', 3, 4, 'Temperatura'),
(909, '22', '2020-03-12', '19:00:00', 3, 4, 'Temperatura'),
(910, '21', '2020-03-12', '20:00:00', 3, 4, 'Temperatura'),
(911, '19', '2020-03-12', '21:00:00', 3, 4, 'Temperatura'),
(912, '17', '2020-03-12', '22:00:00', 3, 4, 'Temperatura'),
(913, '16', '2020-03-12', '23:00:00', 3, 4, 'Temperatura'),
(914, '16', '2020-03-12', '00:00:00', 3, 4, 'Temperatura'),
(915, '0', '2020-03-12', '01:00:00', 3, 4, 'Luminosidad'),
(916, '0', '2020-03-12', '02:00:00', 3, 4, 'Luminosidad'),
(917, '0', '2020-03-12', '03:00:00', 3, 4, 'Luminosidad'),
(918, '0', '2020-03-12', '04:00:00', 3, 4, 'Luminosidad'),
(919, '0', '2020-03-12', '05:00:00', 3, 4, 'Luminosidad'),
(920, '8', '2020-03-12', '06:00:00', 3, 4, 'Luminosidad'),
(921, '10', '2020-03-12', '07:00:00', 3, 4, 'Luminosidad'),
(922, '18', '2020-03-12', '08:00:00', 3, 4, 'Luminosidad'),
(923, '24', '2020-03-12', '09:00:00', 3, 4, 'Luminosidad'),
(924, '35', '2020-03-12', '10:00:00', 3, 4, 'Luminosidad'),
(925, '49', '2020-03-12', '11:00:00', 3, 4, 'Luminosidad'),
(926, '71', '2020-03-12', '12:00:00', 3, 4, 'Luminosidad'),
(927, '77', '2020-03-12', '13:00:00', 3, 4, 'Luminosidad'),
(928, '80', '2020-03-12', '14:00:00', 3, 4, 'Luminosidad'),
(929, '81', '2020-03-12', '15:00:00', 3, 4, 'Luminosidad'),
(930, '79', '2020-03-12', '16:00:00', 3, 4, 'Luminosidad'),
(931, '71', '2020-03-12', '17:00:00', 3, 4, 'Luminosidad'),
(932, '65', '2020-03-12', '18:00:00', 3, 4, 'Luminosidad'),
(933, '52', '2020-03-12', '19:00:00', 3, 4, 'Luminosidad'),
(934, '35', '2020-03-12', '20:00:00', 3, 4, 'Luminosidad'),
(935, '12', '2020-03-12', '21:00:00', 3, 4, 'Luminosidad'),
(936, '2', '2020-03-12', '22:00:00', 3, 4, 'Luminosidad'),
(937, '0', '2020-03-12', '23:00:00', 3, 4, 'Luminosidad'),
(938, '0', '2020-03-12', '00:00:00', 3, 4, 'Luminosidad'),
(939, '76', '2020-03-12', '01:00:00', 3, 4, 'Humedad'),
(940, '79', '2020-03-12', '02:00:00', 3, 4, 'Humedad'),
(941, '88', '2020-03-12', '03:00:00', 3, 4, 'Humedad'),
(942, '90', '2020-03-12', '04:00:00', 3, 4, 'Humedad'),
(943, '88', '2020-03-12', '05:00:00', 3, 4, 'Humedad'),
(944, '80', '2020-03-12', '06:00:00', 3, 4, 'Humedad'),
(945, '80', '2020-03-12', '07:00:00', 3, 4, 'Humedad'),
(946, '79', '2020-03-12', '08:00:00', 3, 4, 'Humedad'),
(947, '79', '2020-03-12', '09:00:00', 3, 4, 'Humedad'),
(948, '78', '2020-03-12', '10:00:00', 3, 4, 'Humedad'),
(949, '70', '2020-03-12', '11:00:00', 3, 4, 'Humedad'),
(950, '70', '2020-03-12', '12:00:00', 3, 4, 'Humedad'),
(951, '66', '2020-03-12', '13:00:00', 3, 4, 'Humedad'),
(952, '66', '2020-03-12', '14:00:00', 3, 4, 'Humedad'),
(953, '60', '2020-03-12', '15:00:00', 3, 4, 'Humedad'),
(954, '61', '2020-03-12', '16:00:00', 3, 4, 'Humedad'),
(955, '56', '2020-03-12', '17:00:00', 3, 4, 'Humedad'),
(956, '59', '2020-03-12', '18:00:00', 3, 4, 'Humedad'),
(957, '78', '2020-03-12', '19:00:00', 3, 4, 'Humedad'),
(958, '78', '2020-03-12', '20:00:00', 3, 4, 'Humedad'),
(959, '79', '2020-03-12', '21:00:00', 3, 4, 'Humedad'),
(960, '82', '2020-03-12', '22:00:00', 3, 4, 'Humedad'),
(961, '86', '2020-03-12', '23:00:00', 3, 4, 'Humedad'),
(962, '85', '2020-03-12', '00:00:00', 3, 4, 'Humedad'),
(963, '17', '2020-03-12', '01:00:00', 3, 4, 'Salinidad'),
(964, '17', '2020-03-12', '02:00:00', 3, 4, 'Salinidad'),
(965, '16', '2020-03-12', '03:00:00', 3, 4, 'Salinidad'),
(966, '16', '2020-03-12', '04:00:00', 3, 4, 'Salinidad'),
(967, '15', '2020-03-12', '05:00:00', 3, 4, 'Salinidad'),
(968, '16', '2020-03-12', '06:00:00', 3, 4, 'Salinidad'),
(969, '15', '2020-03-12', '07:00:00', 3, 4, 'Salinidad'),
(970, '15', '2020-03-12', '08:00:00', 3, 4, 'Salinidad'),
(971, '15', '2020-03-12', '09:00:00', 3, 4, 'Salinidad'),
(972, '15', '2020-03-12', '10:00:00', 3, 4, 'Salinidad'),
(973, '15', '2020-03-12', '11:00:00', 3, 4, 'Salinidad'),
(974, '16', '2020-03-12', '12:00:00', 3, 4, 'Salinidad'),
(975, '14', '2020-03-12', '13:00:00', 3, 4, 'Salinidad'),
(976, '15', '2020-03-12', '14:00:00', 3, 4, 'Salinidad'),
(977, '16', '2020-03-12', '15:00:00', 3, 4, 'Salinidad'),
(978, '15', '2020-03-12', '16:00:00', 3, 4, 'Salinidad'),
(979, '14', '2020-03-12', '17:00:00', 3, 4, 'Salinidad'),
(980, '15', '2020-03-12', '18:00:00', 3, 4, 'Salinidad'),
(981, '16', '2020-03-12', '19:00:00', 3, 4, 'Salinidad'),
(982, '15', '2020-03-12', '20:00:00', 3, 4, 'Salinidad'),
(983, '15', '2020-03-12', '21:00:00', 3, 4, 'Salinidad'),
(984, '14', '2020-03-12', '22:00:00', 3, 4, 'Salinidad'),
(985, '16', '2020-03-12', '23:00:00', 3, 4, 'Salinidad'),
(986, '15', '2020-03-12', '00:00:00', 3, 4, 'Salinidad'),
(987, '12', '2020-03-12', '01:00:00', 1, 1, 'Temperatura'),
(988, '13', '2020-03-12', '02:00:00', 1, 1, 'Temperatura'),
(989, '12', '2020-03-12', '03:00:00', 1, 1, 'Temperatura'),
(990, '13', '2020-03-12', '04:00:00', 1, 1, 'Temperatura'),
(991, '14', '2020-03-12', '05:00:00', 1, 1, 'Temperatura'),
(992, '15', '2020-03-12', '06:00:00', 1, 1, 'Temperatura'),
(993, '16', '2020-03-12', '07:00:00', 1, 1, 'Temperatura'),
(994, '17', '2020-03-12', '08:00:00', 1, 1, 'Temperatura'),
(995, '18', '2020-03-12', '09:00:00', 1, 1, 'Temperatura'),
(996, '18', '2020-03-12', '10:00:00', 1, 1, 'Temperatura'),
(997, '20', '2020-03-12', '11:00:00', 1, 1, 'Temperatura'),
(998, '22', '2020-03-12', '12:00:00', 1, 1, 'Temperatura'),
(999, '23', '2020-03-12', '13:00:00', 1, 1, 'Temperatura'),
(1000, '23', '2020-03-12', '14:00:00', 1, 1, 'Temperatura'),
(1001, '24', '2020-03-12', '15:00:00', 1, 1, 'Temperatura'),
(1002, '24', '2020-03-12', '16:00:00', 1, 1, 'Temperatura'),
(1003, '23', '2020-03-12', '17:00:00', 1, 1, 'Temperatura'),
(1004, '22', '2020-03-12', '18:00:00', 1, 1, 'Temperatura'),
(1005, '20', '2020-03-12', '19:00:00', 1, 1, 'Temperatura'),
(1006, '19', '2020-03-12', '20:00:00', 1, 1, 'Temperatura'),
(1007, '17', '2020-03-12', '21:00:00', 1, 1, 'Temperatura'),
(1008, '15', '2020-03-12', '22:00:00', 1, 1, 'Temperatura'),
(1009, '15', '2020-03-12', '23:00:00', 1, 1, 'Temperatura'),
(1010, '14', '2020-03-12', '00:00:00', 1, 1, 'Temperatura'),
(1011, '0', '2020-03-12', '01:00:00', 1, 1, 'Luminosidad'),
(1012, '0', '2020-03-12', '02:00:00', 1, 1, 'Luminosidad'),
(1013, '0', '2020-03-12', '03:00:00', 1, 1, 'Luminosidad'),
(1014, '0', '2020-03-12', '04:00:00', 1, 1, 'Luminosidad'),
(1015, '0', '2020-03-12', '05:00:00', 1, 1, 'Luminosidad'),
(1016, '12', '2020-03-12', '06:00:00', 1, 1, 'Luminosidad'),
(1017, '14', '2020-03-12', '07:00:00', 1, 1, 'Luminosidad'),
(1018, '22', '2020-03-12', '08:00:00', 1, 1, 'Luminosidad'),
(1019, '22', '2020-03-12', '09:00:00', 1, 1, 'Luminosidad'),
(1020, '38', '2020-03-12', '10:00:00', 1, 1, 'Luminosidad'),
(1021, '53', '2020-03-12', '11:00:00', 1, 1, 'Luminosidad'),
(1022, '75', '2020-03-12', '12:00:00', 1, 1, 'Luminosidad'),
(1023, '81', '2020-03-12', '13:00:00', 1, 1, 'Luminosidad'),
(1024, '85', '2020-03-12', '14:00:00', 1, 1, 'Luminosidad'),
(1025, '86', '2020-03-12', '15:00:00', 1, 1, 'Luminosidad'),
(1026, '88', '2020-03-12', '16:00:00', 1, 1, 'Luminosidad'),
(1027, '73', '2020-03-12', '17:00:00', 1, 1, 'Luminosidad'),
(1028, '69', '2020-03-12', '18:00:00', 1, 1, 'Luminosidad'),
(1029, '58', '2020-03-12', '19:00:00', 1, 1, 'Luminosidad'),
(1030, '39', '2020-03-12', '20:00:00', 1, 1, 'Luminosidad'),
(1031, '18', '2020-03-12', '21:00:00', 1, 1, 'Luminosidad'),
(1032, '2', '2020-03-12', '22:00:00', 1, 1, 'Luminosidad'),
(1033, '0', '2020-03-12', '23:00:00', 1, 1, 'Luminosidad'),
(1034, '0', '2020-03-12', '00:00:00', 1, 1, 'Luminosidad'),
(1035, '80', '2020-03-12', '01:00:00', 1, 1, 'Humedad'),
(1036, '83', '2020-03-12', '02:00:00', 1, 1, 'Humedad'),
(1037, '90', '2020-03-12', '03:00:00', 1, 1, 'Humedad'),
(1038, '90', '2020-03-12', '04:00:00', 1, 1, 'Humedad'),
(1039, '89', '2020-03-12', '05:00:00', 1, 1, 'Humedad'),
(1040, '83', '2020-03-12', '06:00:00', 1, 1, 'Humedad'),
(1041, '80', '2020-03-12', '07:00:00', 1, 1, 'Humedad'),
(1042, '80', '2020-03-12', '08:00:00', 1, 1, 'Humedad'),
(1043, '79', '2020-03-12', '09:00:00', 1, 1, 'Humedad'),
(1044, '78', '2020-03-12', '10:00:00', 1, 1, 'Humedad'),
(1045, '70', '2020-03-12', '11:00:00', 1, 1, 'Humedad'),
(1046, '70', '2020-03-12', '12:00:00', 1, 1, 'Humedad'),
(1047, '67', '2020-03-12', '13:00:00', 1, 1, 'Humedad'),
(1048, '68', '2020-03-12', '14:00:00', 1, 1, 'Humedad'),
(1049, '60', '2020-03-12', '15:00:00', 1, 1, 'Humedad'),
(1050, '58', '2020-03-12', '16:00:00', 1, 1, 'Humedad'),
(1051, '59', '2020-03-12', '17:00:00', 1, 1, 'Humedad'),
(1052, '56', '2020-03-12', '18:00:00', 1, 1, 'Humedad'),
(1053, '78', '2020-03-12', '19:00:00', 1, 1, 'Humedad'),
(1054, '80', '2020-03-12', '20:00:00', 1, 1, 'Humedad'),
(1055, '81', '2020-03-12', '21:00:00', 1, 1, 'Humedad'),
(1056, '85', '2020-03-12', '22:00:00', 1, 1, 'Humedad'),
(1057, '88', '2020-03-12', '23:00:00', 1, 1, 'Humedad'),
(1058, '88', '2020-03-12', '00:00:00', 1, 1, 'Humedad'),
(1059, '16', '2020-03-12', '01:00:00', 1, 1, 'Salinidad'),
(1060, '17', '2020-03-12', '02:00:00', 1, 1, 'Salinidad'),
(1061, '16', '2020-03-12', '03:00:00', 1, 1, 'Salinidad'),
(1062, '18', '2020-03-12', '04:00:00', 1, 1, 'Salinidad'),
(1063, '17', '2020-03-12', '05:00:00', 1, 1, 'Salinidad'),
(1064, '18', '2020-03-12', '06:00:00', 1, 1, 'Salinidad'),
(1065, '17', '2020-03-12', '07:00:00', 1, 1, 'Salinidad'),
(1066, '17', '2020-03-12', '08:00:00', 1, 1, 'Salinidad'),
(1067, '17', '2020-03-12', '09:00:00', 1, 1, 'Salinidad'),
(1068, '17', '2020-03-12', '10:00:00', 1, 1, 'Salinidad'),
(1069, '17', '2020-03-12', '11:00:00', 1, 1, 'Salinidad'),
(1070, '18', '2020-03-12', '12:00:00', 1, 1, 'Salinidad'),
(1071, '16', '2020-03-12', '13:00:00', 1, 1, 'Salinidad'),
(1072, '16', '2020-03-12', '14:00:00', 1, 1, 'Salinidad'),
(1073, '18', '2020-03-12', '15:00:00', 1, 1, 'Salinidad'),
(1074, '17', '2020-03-12', '16:00:00', 1, 1, 'Salinidad'),
(1075, '16', '2020-03-12', '17:00:00', 1, 1, 'Salinidad'),
(1076, '17', '2020-03-12', '18:00:00', 1, 1, 'Salinidad'),
(1077, '18', '2020-03-12', '19:00:00', 1, 1, 'Salinidad'),
(1078, '17', '2020-03-12', '20:00:00', 1, 1, 'Salinidad'),
(1079, '17', '2020-03-12', '21:00:00', 1, 1, 'Salinidad'),
(1080, '16', '2020-03-12', '22:00:00', 1, 1, 'Salinidad'),
(1081, '18', '2020-03-12', '23:00:00', 1, 1, 'Salinidad'),
(1082, '17', '2020-03-01', '00:00:00', 1, 1, 'Salinidad'),
(1083, '20', '2020-04-24', '00:00:00', 1, 2, 'Temperatura'),
(1084, '22', '2020-04-24', '01:00:00', 1, 2, 'Temperatura'),
(1085, '20', '2020-04-24', '01:00:00', 1, 2, 'Temperatura'),
(1086, '22', '2020-04-24', '02:00:00', 1, 2, 'Temperatura'),
(1087, '19', '2020-04-24', '03:00:00', 1, 2, 'Temperatura'),
(1088, '15', '2020-04-24', '04:00:00', 1, 2, 'Temperatura'),
(1089, '14', '2020-04-24', '05:00:00', 1, 2, 'Temperatura'),
(1090, '16', '2020-04-24', '06:00:00', 1, 2, 'Temperatura'),
(1091, '18', '2020-04-24', '07:00:00', 1, 2, 'Temperatura'),
(1092, '20', '2020-04-24', '08:00:00', 1, 2, 'Temperatura'),
(1093, '21', '2020-04-24', '09:00:00', 1, 2, 'Temperatura'),
(1094, '24', '2020-04-24', '10:00:00', 1, 2, 'Temperatura'),
(1095, '22', '2020-04-24', '11:00:00', 1, 2, 'Temperatura'),
(1096, '20', '2020-04-24', '12:00:00', 1, 2, 'Temperatura'),
(1097, '23', '2020-04-24', '13:00:00', 1, 2, 'Temperatura'),
(1098, '25', '2020-04-24', '14:00:00', 1, 2, 'Temperatura'),
(1099, '26', '2020-04-24', '15:00:00', 1, 2, 'Temperatura'),
(1100, '20', '2020-04-24', '16:00:00', 1, 2, 'Temperatura'),
(1101, '21', '2020-04-24', '17:00:00', 1, 2, 'Temperatura'),
(1102, '19', '2020-04-24', '18:00:00', 1, 2, 'Temperatura'),
(1103, '18', '2020-04-24', '19:00:00', 1, 2, 'Temperatura'),
(1104, '17', '2020-04-24', '20:00:00', 1, 2, 'Temperatura'),
(1105, '16', '2020-04-24', '21:00:00', 1, 2, 'Temperatura'),
(1106, '14', '2020-04-24', '22:00:00', 1, 2, 'Temperatura'),
(1107, '12', '2020-04-24', '23:00:00', 1, 2, 'Temperatura'),
(1108, '62', '2020-04-24', '00:00:00', 1, 2, 'Humedad'),
(1109, '65', '2020-04-24', '01:00:00', 1, 2, 'Humedad'),
(1110, '66', '2020-04-24', '02:00:00', 1, 2, 'Humedad'),
(1111, '70', '2020-04-24', '03:00:00', 1, 2, 'Humedad'),
(1112, '75', '2020-04-24', '04:00:00', 1, 2, 'Humedad'),
(1113, '72', '2020-04-24', '05:00:00', 1, 2, 'Humedad'),
(1114, '70', '2020-04-24', '06:00:00', 1, 2, 'Humedad'),
(1115, '76', '2020-04-24', '07:00:00', 1, 2, 'Humedad'),
(1116, '80', '2020-04-24', '08:00:00', 1, 2, 'Humedad'),
(1117, '81', '2020-04-24', '09:00:00', 1, 2, 'Humedad'),
(1118, '84', '2020-04-24', '10:00:00', 1, 2, 'Humedad'),
(1119, '80', '2020-04-24', '11:00:00', 1, 2, 'Humedad'),
(1120, '79', '2020-04-24', '12:00:00', 1, 2, 'Humedad'),
(1121, '76', '2020-04-24', '13:00:00', 1, 2, 'Humedad'),
(1122, '70', '2020-04-24', '14:00:00', 1, 2, 'Humedad'),
(1123, '65', '2020-04-24', '15:00:00', 1, 2, 'Humedad'),
(1124, '60', '2020-04-24', '16:00:00', 1, 2, 'Humedad'),
(1125, '68', '2020-04-24', '17:00:00', 1, 2, 'Humedad'),
(1126, '75', '2020-04-24', '18:00:00', 1, 2, 'Humedad'),
(1127, '84', '2020-04-24', '19:00:00', 1, 2, 'Humedad'),
(1128, '89', '2020-04-24', '20:00:00', 1, 2, 'Humedad'),
(1129, '85', '2020-04-24', '21:00:00', 1, 2, 'Humedad'),
(1130, '82', '2020-04-24', '22:00:00', 1, 2, 'Humedad'),
(1131, '75', '2020-04-24', '23:00:00', 1, 2, 'Humedad'),
(1132, '16', '2020-04-24', '02:00:00', 1, 2, 'Salinidad'),
(1133, '15', '2020-04-24', '03:00:00', 1, 2, 'Salinidad'),
(1134, '17', '2020-04-24', '04:00:00', 1, 2, 'Salinidad'),
(1135, '16', '2020-04-24', '05:00:00', 1, 2, 'Salinidad'),
(1136, '17', '2020-04-24', '06:00:00', 1, 2, 'Salinidad'),
(1137, '16', '2020-04-24', '07:00:00', 1, 2, 'Salinidad'),
(1138, '16', '2020-04-24', '08:00:00', 1, 2, 'Salinidad'),
(1139, '16', '2020-04-24', '09:00:00', 1, 2, 'Salinidad'),
(1140, '16', '2020-04-24', '10:00:00', 1, 2, 'Salinidad'),
(1141, '16', '2020-04-24', '11:00:00', 1, 2, 'Salinidad'),
(1142, '17', '2020-04-24', '12:00:00', 1, 2, 'Salinidad'),
(1143, '15', '2020-04-24', '13:00:00', 1, 2, 'Salinidad'),
(1144, '15', '2020-04-24', '14:00:00', 1, 2, 'Salinidad'),
(1145, '17', '2020-04-24', '15:00:00', 1, 2, 'Salinidad'),
(1146, '16', '2020-04-24', '16:00:00', 1, 2, 'Salinidad'),
(1147, '15', '2020-04-24', '17:00:00', 1, 2, 'Salinidad'),
(1148, '16', '2020-04-24', '18:00:00', 1, 2, 'Salinidad'),
(1149, '17', '2020-04-24', '19:00:00', 1, 2, 'Salinidad'),
(1150, '16', '2020-04-24', '20:00:00', 1, 2, 'Salinidad'),
(1151, '16', '2020-04-24', '21:00:00', 1, 2, 'Salinidad'),
(1152, '15', '2020-04-24', '22:00:00', 1, 2, 'Salinidad'),
(1153, '17', '2020-04-24', '23:00:00', 1, 2, 'Salinidad'),
(1154, '16', '2020-04-24', '00:00:00', 1, 2, 'Salinidad'),
(1155, '0', '2020-03-11', '01:00:00', 1, 2, 'Luminosidad'),
(1156, '0', '2020-03-11', '02:00:00', 1, 2, 'Luminosidad'),
(1157, '0', '2020-03-11', '03:00:00', 1, 2, 'Luminosidad'),
(1158, '0', '2020-03-11', '04:00:00', 1, 2, 'Luminosidad'),
(1159, '0', '2020-03-11', '05:00:00', 1, 2, 'Luminosidad'),
(1160, '12', '2020-03-11', '06:00:00', 1, 2, 'Luminosidad'),
(1161, '14', '2020-03-11', '07:00:00', 1, 2, 'Luminosidad'),
(1162, '22', '2020-03-11', '08:00:00', 1, 2, 'Luminosidad'),
(1163, '22', '2020-03-11', '09:00:00', 1, 2, 'Luminosidad'),
(1164, '38', '2020-03-11', '10:00:00', 1, 2, 'Luminosidad'),
(1165, '53', '2020-03-11', '11:00:00', 1, 2, 'Luminosidad'),
(1166, '75', '2020-03-11', '12:00:00', 1, 2, 'Luminosidad'),
(1167, '81', '2020-03-11', '13:00:00', 1, 2, 'Luminosidad'),
(1168, '85', '2020-03-11', '14:00:00', 1, 2, 'Luminosidad'),
(1169, '86', '2020-03-11', '15:00:00', 1, 2, 'Luminosidad'),
(1170, '88', '2020-03-11', '16:00:00', 1, 2, 'Luminosidad'),
(1171, '73', '2020-03-11', '17:00:00', 1, 2, 'Luminosidad'),
(1172, '69', '2020-03-11', '18:00:00', 1, 2, 'Luminosidad'),
(1173, '58', '2020-03-11', '19:00:00', 1, 2, 'Luminosidad'),
(1174, '39', '2020-03-11', '20:00:00', 1, 2, 'Luminosidad'),
(1175, '18', '2020-03-11', '21:00:00', 1, 2, 'Luminosidad'),
(1176, '2', '2020-03-11', '22:00:00', 1, 2, 'Luminosidad'),
(1177, '0', '2020-03-11', '23:00:00', 1, 2, 'Luminosidad'),
(1178, '0', '2020-03-11', '00:00:00', 1, 2, 'Luminosidad'),
(1179, '0', '2020-04-24', '01:00:00', 1, 2, 'Luminosidad'),
(1180, '0', '2020-04-24', '02:00:00', 1, 2, 'Luminosidad'),
(1181, '0', '2020-04-24', '03:00:00', 1, 2, 'Luminosidad'),
(1182, '0', '2020-04-24', '04:00:00', 1, 2, 'Luminosidad'),
(1183, '0', '2020-04-24', '05:00:00', 1, 2, 'Luminosidad'),
(1184, '12', '2020-04-24', '06:00:00', 1, 2, 'Luminosidad'),
(1185, '14', '2020-04-24', '07:00:00', 1, 2, 'Luminosidad'),
(1186, '22', '2020-04-24', '08:00:00', 1, 2, 'Luminosidad'),
(1187, '22', '2020-04-24', '09:00:00', 1, 2, 'Luminosidad'),
(1188, '38', '2020-04-24', '10:00:00', 1, 2, 'Luminosidad'),
(1189, '53', '2020-04-24', '11:00:00', 1, 2, 'Luminosidad'),
(1190, '75', '2020-04-24', '12:00:00', 1, 2, 'Luminosidad'),
(1191, '81', '2020-04-24', '13:00:00', 1, 2, 'Luminosidad'),
(1192, '85', '2020-04-24', '14:00:00', 1, 2, 'Luminosidad'),
(1193, '86', '2020-04-24', '15:00:00', 1, 2, 'Luminosidad'),
(1194, '88', '2020-04-24', '16:00:00', 1, 2, 'Luminosidad'),
(1195, '73', '2020-04-24', '17:00:00', 1, 2, 'Luminosidad'),
(1196, '69', '2020-04-24', '18:00:00', 1, 2, 'Luminosidad'),
(1197, '58', '2020-04-24', '19:00:00', 1, 2, 'Luminosidad'),
(1198, '39', '2020-04-24', '20:00:00', 1, 2, 'Luminosidad'),
(1199, '18', '2020-04-24', '21:00:00', 1, 2, 'Luminosidad'),
(1200, '2', '2020-04-24', '22:00:00', 1, 2, 'Luminosidad'),
(1201, '0', '2020-04-24', '23:00:00', 1, 2, 'Luminosidad'),
(1202, '0', '2020-04-24', '00:00:00', 1, 2, 'Luminosidad'),
(1203, '0', '2020-04-24', '01:00:00', 3, 7, 'Luminosidad'),
(1204, '0', '2020-04-24', '02:00:00', 3, 7, 'Luminosidad'),
(1205, '0', '2020-04-24', '03:00:00', 3, 7, 'Luminosidad'),
(1206, '0', '2020-04-24', '04:00:00', 3, 7, 'Luminosidad'),
(1207, '0', '2020-04-24', '05:00:00', 3, 7, 'Luminosidad'),
(1208, '12', '2020-04-24', '06:00:00', 3, 7, 'Luminosidad'),
(1209, '14', '2020-04-24', '07:00:00', 3, 7, 'Luminosidad'),
(1210, '22', '2020-04-24', '08:00:00', 3, 7, 'Luminosidad'),
(1211, '22', '2020-04-24', '09:00:00', 3, 7, 'Luminosidad'),
(1212, '38', '2020-04-24', '10:00:00', 3, 7, 'Luminosidad'),
(1213, '53', '2020-04-24', '11:00:00', 3, 7, 'Luminosidad'),
(1214, '75', '2020-04-24', '12:00:00', 3, 7, 'Luminosidad'),
(1215, '81', '2020-04-24', '13:00:00', 3, 7, 'Luminosidad'),
(1216, '85', '2020-04-24', '14:00:00', 3, 7, 'Luminosidad'),
(1217, '86', '2020-04-24', '15:00:00', 3, 7, 'Luminosidad'),
(1218, '88', '2020-04-24', '16:00:00', 3, 7, 'Luminosidad'),
(1219, '73', '2020-04-24', '17:00:00', 3, 7, 'Luminosidad'),
(1220, '69', '2020-04-24', '18:00:00', 3, 7, 'Luminosidad'),
(1221, '58', '2020-04-24', '19:00:00', 3, 7, 'Luminosidad'),
(1222, '39', '2020-04-24', '20:00:00', 3, 7, 'Luminosidad'),
(1223, '18', '2020-04-24', '21:00:00', 3, 7, 'Luminosidad'),
(1224, '2', '2020-04-24', '22:00:00', 3, 7, 'Luminosidad'),
(1225, '0', '2020-04-24', '23:00:00', 3, 7, 'Luminosidad'),
(1226, '0', '2020-04-24', '00:00:00', 3, 7, 'Luminosidad'),
(1227, '11', '2020-03-11', '01:00:00', 3, 7, 'Temperatura'),
(1228, '12', '2020-03-11', '02:00:00', 3, 7, 'Temperatura'),
(1229, '11', '2020-03-11', '03:00:00', 3, 7, 'Temperatura'),
(1230, '12', '2020-03-11', '04:00:00', 3, 7, 'Temperatura'),
(1231, '13', '2020-03-11', '05:00:00', 3, 7, 'Temperatura'),
(1232, '14', '2020-03-11', '06:00:00', 3, 7, 'Temperatura'),
(1233, '14', '2020-03-11', '07:00:00', 3, 7, 'Temperatura'),
(1234, '16', '2020-03-11', '08:00:00', 3, 7, 'Temperatura'),
(1235, '17', '2020-03-11', '09:00:00', 3, 7, 'Temperatura'),
(1236, '18', '2020-03-11', '10:00:00', 3, 7, 'Temperatura'),
(1237, '19', '2020-03-11', '11:00:00', 3, 7, 'Temperatura'),
(1238, '21', '2020-03-11', '12:00:00', 3, 7, 'Temperatura'),
(1239, '22', '2020-03-11', '13:00:00', 3, 7, 'Temperatura'),
(1240, '22', '2020-03-11', '14:00:00', 3, 7, 'Temperatura'),
(1241, '23', '2020-03-11', '15:00:00', 3, 7, 'Temperatura'),
(1242, '23', '2020-03-11', '16:00:00', 3, 7, 'Temperatura'),
(1243, '22', '2020-03-11', '17:00:00', 3, 7, 'Temperatura'),
(1244, '21', '2020-03-11', '18:00:00', 3, 7, 'Temperatura'),
(1245, '19', '2020-03-11', '19:00:00', 3, 7, 'Temperatura'),
(1246, '18', '2020-03-11', '20:00:00', 3, 7, 'Temperatura'),
(1247, '16', '2020-03-11', '21:00:00', 3, 7, 'Temperatura'),
(1248, '14', '2020-03-11', '22:00:00', 3, 7, 'Temperatura'),
(1249, '14', '2020-03-11', '23:00:00', 3, 7, 'Temperatura'),
(1250, '13', '2020-03-11', '00:00:00', 3, 7, 'Temperatura'),
(1251, '77', '2020-03-11', '01:00:00', 3, 7, 'Humedad'),
(1252, '79', '2020-03-11', '02:00:00', 3, 7, 'Humedad'),
(1253, '87', '2020-03-11', '03:00:00', 3, 7, 'Humedad'),
(1254, '89', '2020-03-11', '04:00:00', 3, 7, 'Humedad'),
(1255, '87', '2020-03-11', '05:00:00', 3, 7, 'Humedad'),
(1256, '79', '2020-03-11', '06:00:00', 3, 7, 'Humedad'),
(1257, '79', '2020-03-11', '07:00:00', 3, 7, 'Humedad'),
(1258, '78', '2020-03-11', '08:00:00', 3, 7, 'Humedad'),
(1259, '78', '2020-03-11', '09:00:00', 3, 7, 'Humedad'),
(1260, '77', '2020-03-11', '10:00:00', 3, 7, 'Humedad'),
(1261, '69', '2020-03-11', '11:00:00', 3, 7, 'Humedad'),
(1262, '69', '2020-03-11', '12:00:00', 3, 7, 'Humedad'),
(1263, '65', '2020-03-11', '13:00:00', 3, 7, 'Humedad'),
(1264, '65', '2020-03-11', '14:00:00', 3, 7, 'Humedad'),
(1265, '59', '2020-03-11', '15:00:00', 3, 7, 'Humedad'),
(1266, '62', '2020-03-11', '16:00:00', 3, 7, 'Humedad'),
(1267, '55', '2020-03-11', '17:00:00', 3, 7, 'Humedad'),
(1268, '58', '2020-03-11', '18:00:00', 3, 7, 'Humedad'),
(1269, '77', '2020-03-11', '19:00:00', 3, 7, 'Humedad'),
(1270, '77', '2020-03-11', '20:00:00', 3, 7, 'Humedad'),
(1271, '78', '2020-03-11', '21:00:00', 3, 7, 'Humedad'),
(1272, '81', '2020-03-11', '22:00:00', 3, 7, 'Humedad'),
(1273, '85', '2020-03-11', '23:00:00', 3, 7, 'Humedad'),
(1274, '84', '2020-03-11', '00:00:00', 3, 7, 'Humedad'),
(1275, '15', '2020-03-11', '01:00:00', 3, 7, 'Salinidad'),
(1276, '16', '2020-03-11', '02:00:00', 3, 7, 'Salinidad'),
(1277, '15', '2020-03-11', '03:00:00', 3, 7, 'Salinidad'),
(1278, '17', '2020-03-11', '04:00:00', 3, 7, 'Salinidad'),
(1279, '16', '2020-03-11', '05:00:00', 3, 7, 'Salinidad'),
(1280, '17', '2020-03-11', '06:00:00', 3, 7, 'Salinidad'),
(1281, '16', '2020-03-11', '07:00:00', 3, 7, 'Salinidad'),
(1282, '16', '2020-03-11', '08:00:00', 3, 7, 'Salinidad'),
(1283, '16', '2020-03-11', '09:00:00', 3, 7, 'Salinidad'),
(1284, '16', '2020-03-11', '10:00:00', 3, 7, 'Salinidad'),
(1285, '16', '2020-03-11', '11:00:00', 3, 7, 'Salinidad'),
(1286, '17', '2020-03-11', '12:00:00', 3, 7, 'Salinidad'),
(1287, '15', '2020-03-11', '13:00:00', 3, 7, 'Salinidad'),
(1288, '15', '2020-03-11', '14:00:00', 3, 7, 'Salinidad'),
(1289, '17', '2020-03-11', '15:00:00', 3, 7, 'Salinidad'),
(1290, '16', '2020-03-11', '16:00:00', 3, 7, 'Salinidad'),
(1291, '15', '2020-03-11', '17:00:00', 3, 7, 'Salinidad'),
(1292, '16', '2020-03-11', '18:00:00', 3, 7, 'Salinidad'),
(1293, '17', '2020-03-11', '19:00:00', 3, 7, 'Salinidad'),
(1294, '16', '2020-03-11', '20:00:00', 3, 7, 'Salinidad'),
(1295, '16', '2020-03-11', '21:00:00', 3, 7, 'Salinidad'),
(1296, '15', '2020-03-11', '22:00:00', 3, 7, 'Salinidad'),
(1297, '17', '2020-03-11', '23:00:00', 3, 7, 'Salinidad'),
(1298, '16', '2020-03-11', '00:00:00', 3, 7, 'Salinidad'),
(1299, '77', '2020-04-24', '01:00:00', 3, 7, 'Humedad'),
(1300, '79', '2020-04-24', '02:00:00', 3, 7, 'Humedad'),
(1301, '87', '2020-04-24', '03:00:00', 3, 7, 'Humedad'),
(1302, '89', '2020-04-24', '04:00:00', 3, 7, 'Humedad'),
(1303, '87', '2020-04-24', '05:00:00', 3, 7, 'Humedad'),
(1304, '79', '2020-04-24', '06:00:00', 3, 7, 'Humedad'),
(1305, '79', '2020-04-24', '07:00:00', 3, 7, 'Humedad'),
(1306, '78', '2020-04-24', '08:00:00', 3, 7, 'Humedad'),
(1307, '78', '2020-04-24', '09:00:00', 3, 7, 'Humedad'),
(1308, '77', '2020-04-24', '10:00:00', 3, 7, 'Humedad'),
(1309, '69', '2020-04-24', '11:00:00', 3, 7, 'Humedad'),
(1310, '69', '2020-04-24', '12:00:00', 3, 7, 'Humedad'),
(1311, '65', '2020-04-24', '13:00:00', 3, 7, 'Humedad'),
(1312, '65', '2020-04-24', '14:00:00', 3, 7, 'Humedad'),
(1313, '59', '2020-04-24', '15:00:00', 3, 7, 'Humedad'),
(1314, '62', '2020-04-24', '16:00:00', 3, 7, 'Humedad'),
(1315, '55', '2020-04-24', '17:00:00', 3, 7, 'Humedad'),
(1316, '58', '2020-04-24', '18:00:00', 3, 7, 'Humedad'),
(1317, '77', '2020-04-24', '19:00:00', 3, 7, 'Humedad'),
(1318, '77', '2020-04-24', '20:00:00', 3, 7, 'Humedad'),
(1319, '78', '2020-04-24', '21:00:00', 3, 7, 'Humedad'),
(1320, '81', '2020-04-24', '22:00:00', 3, 7, 'Humedad'),
(1321, '85', '2020-04-24', '23:00:00', 3, 7, 'Humedad'),
(1322, '84', '2020-04-24', '00:00:00', 3, 7, 'Humedad'),
(1323, '15', '2020-04-24', '01:00:00', 3, 7, 'Salinidad'),
(1324, '16', '2020-04-24', '02:00:00', 3, 7, 'Salinidad'),
(1325, '15', '2020-04-24', '03:00:00', 3, 7, 'Salinidad'),
(1326, '17', '2020-04-24', '04:00:00', 3, 7, 'Salinidad'),
(1327, '16', '2020-04-24', '05:00:00', 3, 7, 'Salinidad'),
(1328, '17', '2020-04-24', '06:00:00', 3, 7, 'Salinidad'),
(1329, '16', '2020-04-24', '07:00:00', 3, 7, 'Salinidad'),
(1330, '16', '2020-04-24', '08:00:00', 3, 7, 'Salinidad'),
(1331, '16', '2020-04-24', '09:00:00', 3, 7, 'Salinidad'),
(1332, '16', '2020-04-24', '10:00:00', 3, 7, 'Salinidad'),
(1333, '16', '2020-04-24', '11:00:00', 3, 7, 'Salinidad'),
(1334, '17', '2020-04-24', '12:00:00', 3, 7, 'Salinidad'),
(1335, '15', '2020-04-24', '13:00:00', 3, 7, 'Salinidad'),
(1336, '15', '2020-04-24', '14:00:00', 3, 7, 'Salinidad'),
(1337, '17', '2020-04-24', '15:00:00', 3, 7, 'Salinidad'),
(1338, '16', '2020-04-24', '16:00:00', 3, 7, 'Salinidad'),
(1339, '15', '2020-04-24', '17:00:00', 3, 7, 'Salinidad'),
(1340, '16', '2020-04-24', '18:00:00', 3, 7, 'Salinidad'),
(1341, '17', '2020-04-24', '19:00:00', 3, 7, 'Salinidad'),
(1342, '16', '2020-04-24', '20:00:00', 3, 7, 'Salinidad'),
(1343, '16', '2020-04-24', '21:00:00', 3, 7, 'Salinidad'),
(1344, '15', '2020-04-24', '22:00:00', 3, 7, 'Salinidad'),
(1345, '17', '2020-04-24', '23:00:00', 3, 7, 'Salinidad'),
(1346, '16', '2020-04-24', '00:00:00', 3, 7, 'Salinidad'),
(1347, '11', '2020-04-24', '01:00:00', 3, 7, 'Temperatura'),
(1348, '12', '2020-04-24', '02:00:00', 3, 7, 'Temperatura'),
(1349, '11', '2020-04-24', '03:00:00', 3, 7, 'Temperatura'),
(1350, '12', '2020-04-24', '04:00:00', 3, 7, 'Temperatura'),
(1351, '13', '2020-04-24', '05:00:00', 3, 7, 'Temperatura'),
(1352, '14', '2020-04-24', '06:00:00', 3, 7, 'Temperatura'),
(1353, '14', '2020-04-24', '07:00:00', 3, 7, 'Temperatura'),
(1354, '16', '2020-04-24', '08:00:00', 3, 7, 'Temperatura'),
(1355, '17', '2020-04-24', '09:00:00', 3, 7, 'Temperatura'),
(1356, '18', '2020-04-24', '10:00:00', 3, 7, 'Temperatura'),
(1357, '19', '2020-04-24', '11:00:00', 3, 7, 'Temperatura'),
(1358, '21', '2020-04-24', '12:00:00', 3, 7, 'Temperatura'),
(1359, '22', '2020-04-24', '13:00:00', 3, 7, 'Temperatura'),
(1360, '22', '2020-04-24', '14:00:00', 3, 7, 'Temperatura'),
(1361, '23', '2020-04-24', '15:00:00', 3, 7, 'Temperatura'),
(1362, '23', '2020-04-24', '16:00:00', 3, 7, 'Temperatura'),
(1363, '22', '2020-04-24', '17:00:00', 3, 7, 'Temperatura'),
(1364, '21', '2020-04-24', '18:00:00', 3, 7, 'Temperatura'),
(1365, '19', '2020-04-24', '19:00:00', 3, 7, 'Temperatura'),
(1366, '18', '2020-04-24', '20:00:00', 3, 7, 'Temperatura'),
(1367, '16', '2020-04-24', '21:00:00', 3, 7, 'Temperatura'),
(1368, '14', '2020-04-24', '22:00:00', 3, 7, 'Temperatura'),
(1369, '14', '2020-04-24', '23:00:00', 3, 7, 'Temperatura'),
(1370, '13', '2020-04-24', '00:00:00', 3, 7, 'Temperatura'),
(1371, '77', '2020-04-24', '01:00:00', 2, 3, 'Humedad'),
(1372, '79', '2020-04-24', '02:00:00', 2, 3, 'Humedad'),
(1373, '87', '2020-04-24', '03:00:00', 2, 3, 'Humedad'),
(1374, '89', '2020-04-24', '04:00:00', 2, 3, 'Humedad'),
(1375, '87', '2020-04-24', '05:00:00', 2, 3, 'Humedad'),
(1376, '79', '2020-04-24', '06:00:00', 2, 3, 'Humedad'),
(1377, '79', '2020-04-24', '07:00:00', 2, 3, 'Humedad'),
(1378, '78', '2020-04-24', '08:00:00', 2, 3, 'Humedad'),
(1379, '78', '2020-04-24', '09:00:00', 2, 3, 'Humedad'),
(1380, '77', '2020-04-24', '10:00:00', 2, 3, 'Humedad'),
(1381, '69', '2020-04-24', '11:00:00', 2, 3, 'Humedad'),
(1382, '69', '2020-04-24', '12:00:00', 2, 3, 'Humedad'),
(1383, '65', '2020-04-24', '13:00:00', 2, 3, 'Humedad'),
(1384, '65', '2020-04-24', '14:00:00', 2, 3, 'Humedad'),
(1385, '59', '2020-04-24', '15:00:00', 2, 3, 'Humedad'),
(1386, '62', '2020-04-24', '16:00:00', 2, 3, 'Humedad');
INSERT INTO `medicion` (`id_medicion`, `medicion`, `fecha`, `hora`, `id_parcela`, `id_sonda`, `tipoDato`) VALUES
(1387, '55', '2020-04-24', '17:00:00', 2, 3, 'Humedad'),
(1388, '58', '2020-04-24', '18:00:00', 2, 3, 'Humedad'),
(1389, '77', '2020-04-24', '19:00:00', 2, 3, 'Humedad'),
(1390, '77', '2020-04-24', '20:00:00', 2, 3, 'Humedad'),
(1391, '78', '2020-04-24', '21:00:00', 2, 3, 'Humedad'),
(1392, '81', '2020-04-24', '22:00:00', 2, 3, 'Humedad'),
(1393, '85', '2020-04-24', '23:00:00', 2, 3, 'Humedad'),
(1394, '84', '2020-04-24', '00:00:00', 2, 3, 'Humedad'),
(1395, '15', '2020-04-24', '01:00:00', 2, 3, 'Salinidad'),
(1396, '16', '2020-04-24', '02:00:00', 2, 3, 'Salinidad'),
(1397, '15', '2020-04-24', '03:00:00', 2, 3, 'Salinidad'),
(1398, '17', '2020-04-24', '04:00:00', 2, 3, 'Salinidad'),
(1399, '16', '2020-04-24', '05:00:00', 2, 3, 'Salinidad'),
(1400, '17', '2020-04-24', '06:00:00', 2, 3, 'Salinidad'),
(1401, '16', '2020-04-24', '07:00:00', 2, 3, 'Salinidad'),
(1402, '16', '2020-04-24', '08:00:00', 2, 3, 'Salinidad'),
(1403, '16', '2020-04-24', '09:00:00', 2, 3, 'Salinidad'),
(1404, '16', '2020-04-24', '10:00:00', 2, 3, 'Salinidad'),
(1405, '16', '2020-04-24', '11:00:00', 2, 3, 'Salinidad'),
(1406, '17', '2020-04-24', '12:00:00', 2, 3, 'Salinidad'),
(1407, '15', '2020-04-24', '13:00:00', 2, 3, 'Salinidad'),
(1408, '15', '2020-04-24', '14:00:00', 2, 3, 'Salinidad'),
(1409, '17', '2020-04-24', '15:00:00', 2, 3, 'Salinidad'),
(1410, '16', '2020-04-24', '16:00:00', 2, 3, 'Salinidad'),
(1411, '15', '2020-04-24', '17:00:00', 2, 3, 'Salinidad'),
(1412, '16', '2020-04-24', '18:00:00', 2, 3, 'Salinidad'),
(1413, '17', '2020-04-24', '19:00:00', 2, 3, 'Salinidad'),
(1414, '16', '2020-04-24', '20:00:00', 2, 3, 'Salinidad'),
(1415, '16', '2020-04-24', '21:00:00', 2, 3, 'Salinidad'),
(1416, '15', '2020-04-24', '22:00:00', 2, 3, 'Salinidad'),
(1417, '17', '2020-04-24', '23:00:00', 2, 3, 'Salinidad'),
(1418, '16', '2020-04-24', '00:00:00', 2, 3, 'Salinidad'),
(1419, '11', '2020-04-24', '01:00:00', 2, 3, 'Temperatura'),
(1420, '12', '2020-04-24', '02:00:00', 2, 3, 'Temperatura'),
(1421, '11', '2020-04-24', '03:00:00', 2, 3, 'Temperatura'),
(1422, '12', '2020-04-24', '04:00:00', 2, 3, 'Temperatura'),
(1423, '13', '2020-04-24', '05:00:00', 2, 3, 'Temperatura'),
(1424, '14', '2020-04-24', '06:00:00', 2, 3, 'Temperatura'),
(1425, '14', '2020-04-24', '07:00:00', 2, 3, 'Temperatura'),
(1426, '16', '2020-04-24', '08:00:00', 2, 3, 'Temperatura'),
(1427, '17', '2020-04-24', '09:00:00', 2, 3, 'Temperatura'),
(1428, '18', '2020-04-24', '10:00:00', 2, 3, 'Temperatura'),
(1429, '19', '2020-04-24', '11:00:00', 2, 3, 'Temperatura'),
(1430, '21', '2020-04-24', '12:00:00', 2, 3, 'Temperatura'),
(1431, '22', '2020-04-24', '13:00:00', 2, 3, 'Temperatura'),
(1432, '22', '2020-04-24', '14:00:00', 2, 3, 'Temperatura'),
(1433, '23', '2020-04-24', '15:00:00', 2, 3, 'Temperatura'),
(1434, '23', '2020-04-24', '16:00:00', 2, 3, 'Temperatura'),
(1435, '22', '2020-04-24', '17:00:00', 2, 3, 'Temperatura'),
(1436, '21', '2020-04-24', '18:00:00', 2, 3, 'Temperatura'),
(1437, '19', '2020-04-24', '19:00:00', 2, 3, 'Temperatura'),
(1438, '18', '2020-04-24', '20:00:00', 2, 3, 'Temperatura'),
(1439, '16', '2020-04-24', '21:00:00', 2, 3, 'Temperatura'),
(1440, '14', '2020-04-24', '22:00:00', 2, 3, 'Temperatura'),
(1441, '14', '2020-04-24', '23:00:00', 2, 3, 'Temperatura'),
(1442, '13', '2020-04-24', '00:00:00', 2, 3, 'Temperatura'),
(1443, '0', '2020-04-24', '01:00:00', 2, 3, 'Luminosidad'),
(1444, '0', '2020-04-24', '02:00:00', 2, 3, 'Luminosidad'),
(1445, '0', '2020-04-24', '03:00:00', 2, 3, 'Luminosidad'),
(1446, '0', '2020-04-24', '04:00:00', 2, 3, 'Luminosidad'),
(1447, '0', '2020-04-24', '05:00:00', 2, 3, 'Luminosidad'),
(1448, '12', '2020-04-24', '06:00:00', 2, 3, 'Luminosidad'),
(1449, '14', '2020-04-24', '07:00:00', 2, 3, 'Luminosidad'),
(1450, '22', '2020-04-24', '08:00:00', 2, 3, 'Luminosidad'),
(1451, '22', '2020-04-24', '09:00:00', 2, 3, 'Luminosidad'),
(1452, '38', '2020-04-24', '10:00:00', 2, 3, 'Luminosidad'),
(1453, '53', '2020-04-24', '11:00:00', 2, 3, 'Luminosidad'),
(1454, '75', '2020-04-24', '12:00:00', 2, 3, 'Luminosidad'),
(1455, '81', '2020-04-24', '13:00:00', 2, 3, 'Luminosidad'),
(1456, '85', '2020-04-24', '14:00:00', 2, 3, 'Luminosidad'),
(1457, '86', '2020-04-24', '15:00:00', 2, 3, 'Luminosidad'),
(1458, '88', '2020-04-24', '16:00:00', 2, 3, 'Luminosidad'),
(1459, '73', '2020-04-24', '17:00:00', 2, 3, 'Luminosidad'),
(1460, '69', '2020-04-24', '18:00:00', 2, 3, 'Luminosidad'),
(1461, '58', '2020-04-24', '19:00:00', 2, 3, 'Luminosidad'),
(1462, '39', '2020-04-24', '20:00:00', 2, 3, 'Luminosidad'),
(1463, '18', '2020-04-24', '21:00:00', 2, 3, 'Luminosidad'),
(1464, '2', '2020-04-24', '22:00:00', 2, 3, 'Luminosidad'),
(1465, '0', '2020-04-24', '23:00:00', 2, 3, 'Luminosidad'),
(1466, '0', '2020-04-24', '00:00:00', 2, 3, 'Luminosidad');

-- --------------------------------------------------------

--
-- Estructura de tabla para la tabla `parcela`
--

CREATE TABLE `parcela` (
  `id_parcela` int(11) NOT NULL,
  `color` varchar(20) NOT NULL,
  `id_campo` int(11) NOT NULL,
  `nombre` varchar(60) NOT NULL
) ENGINE=InnoDB DEFAULT CHARSET=utf8mb4;

--
-- Volcado de datos para la tabla `parcela`
--

INSERT INTO `parcela` (`id_parcela`, `color`, `id_campo`, `nombre`) VALUES
(1, '#ff8000', 1, 'Parcela de Patatas'),
(2, '#3b83bd', 1, 'Parcela de Zanahorias'),
(3, '#94DF19', 1, 'Parcela de Limones'),
(4, '#138A7B', 2, 'Parcela de Naranjas'),
(5, '#0e1877', 2, 'Parcela de Melocotones'),
(6, '#5b279d', 2, 'Parcela de Melones'),
(7, '#17c561', 3, 'Parcela de Fresas'),
(8, '#cfdb11', 3, 'Parcela de Alcachofas');

-- --------------------------------------------------------

--
-- Estructura de tabla para la tabla `permisos_usuarios`
--

CREATE TABLE `permisos_usuarios` (
  `id_permiso` int(11) NOT NULL,
  `id_usuario` int(11) NOT NULL,
  `id_parcela` int(11) NOT NULL
) ENGINE=InnoDB DEFAULT CHARSET=utf8mb4;

--
-- Volcado de datos para la tabla `permisos_usuarios`
--

INSERT INTO `permisos_usuarios` (`id_permiso`, `id_usuario`, `id_parcela`) VALUES
(1, 1, 1),
(2, 1, 2),
(4, 15, 2),
(5, 1, 3),
(6, 2, 3),
(7, 8, 1),
(8, 17, 1),
(9, 18, 3),
(12, 21, 4),
(13, 21, 5),
(14, 21, 6),
(15, 21, 7),
(16, 21, 8),
(19, 22, 7);

-- --------------------------------------------------------

--
-- Estructura de tabla para la tabla `roles`
--

CREATE TABLE `roles` (
  `id_rol` int(11) NOT NULL,
  `nombre` varchar(30) NOT NULL
) ENGINE=InnoDB DEFAULT CHARSET=utf8mb4;

--
-- Volcado de datos para la tabla `roles`
--

INSERT INTO `roles` (`id_rol`, `nombre`) VALUES
(1, 'Administrador'),
(2, 'Trabajador de campo');

-- --------------------------------------------------------

--
-- Estructura de tabla para la tabla `sonda`
--

CREATE TABLE `sonda` (
  `id_sonda` int(11) NOT NULL,
  `estado` varchar(30) DEFAULT NULL,
  `id_parcela` int(11) NOT NULL,
  `lat` float NOT NULL,
  `lng` float NOT NULL,
  `nombre` varchar(40) NOT NULL
) ENGINE=InnoDB DEFAULT CHARSET=utf8mb4;

--
-- Volcado de datos para la tabla `sonda`
--

INSERT INTO `sonda` (`id_sonda`, `estado`, `id_parcela`, `lat`, `lng`, `nombre`) VALUES
(1, 'Funcional', 1, 63.8284, -22.6946, 'Patatas Sudeste'),
(2, 'Funcional', 1, 63.8296, -22.6975, 'Patatas Noroeste'),
(3, 'Funcional', 2, 63.8254, -22.6996, 'Zanahorias Norte'),
(4, 'Funcional', 3, 63.8316, -22.6881, 'Limones Oeste'),
(6, 'Funcional', 2, 63.8244, -22.7022, 'Zanahorias Suroeste'),
(7, 'Funcional', 3, 63.8316, -22.6844, 'Limones Este');

-- --------------------------------------------------------

--
-- Estructura de tabla para la tabla `usuario`
--

CREATE TABLE `usuario` (
  `id_usuario` int(11) NOT NULL,
  `nombre` varchar(40) NOT NULL,
  `mail` varchar(60) NOT NULL,
  `password` varchar(30) NOT NULL,
  `id_cliente` int(11) NOT NULL,
  `id_rol` int(11) NOT NULL
) ENGINE=InnoDB DEFAULT CHARSET=utf8mb4;

--
-- Volcado de datos para la tabla `usuario`
--

INSERT INTO `usuario` (`id_usuario`, `nombre`, `mail`, `password`, `id_cliente`, `id_rol`) VALUES
(1, 'Admin', 'admin@bancal.es', '1234', 1, 1),
(2, 'Jorge', 'jorge@bancales.es', '1234', 1, 2),
(8, 'Daniel', 'daniel@bancal.es', '1234', 1, 2),
(15, 'Sergi', 'sergi@bancal.es', '123', 1, 2),
(17, 'Alberto', 'alberto@bancal.es', '123', 1, 2),
(18, 'Javi', 'javi@bancal.es', '1234', 1, 2),
(20, 'Juan Carlos', 'jcalos@alcampo.es', '1234', 3, 2),
(21, 'Admin', 'admin@alcampo.es', '1234', 3, 1),
(22, 'Carlos', 'carlos@alcampo.es', '1234', 3, 2);

--
-- Índices para tablas volcadas
--

--
-- Indices de la tabla `campo`
--
ALTER TABLE `campo`
  ADD PRIMARY KEY (`id_campo`),
  ADD KEY `fk_campo_cliente` (`id_cliente`);

--
-- Indices de la tabla `cliente`
--
ALTER TABLE `cliente`
  ADD PRIMARY KEY (`id_cliente`);

--
-- Indices de la tabla `coordenadas`
--
ALTER TABLE `coordenadas`
  ADD PRIMARY KEY (`id_coordenada`),
  ADD KEY `fk_coordenada_parcela` (`id_parcela`);

--
-- Indices de la tabla `medicion`
--
ALTER TABLE `medicion`
  ADD PRIMARY KEY (`id_medicion`),
  ADD KEY `fk_medicion_parcela` (`id_parcela`),
  ADD KEY `fk_medicion_sonda` (`id_sonda`);

--
-- Indices de la tabla `parcela`
--
ALTER TABLE `parcela`
  ADD PRIMARY KEY (`id_parcela`),
  ADD KEY `fk_parcela_campo` (`id_campo`);

--
-- Indices de la tabla `permisos_usuarios`
--
ALTER TABLE `permisos_usuarios`
  ADD PRIMARY KEY (`id_permiso`),
  ADD KEY `pk_parcela_usuario` (`id_parcela`),
  ADD KEY `pk_usuario_parcela` (`id_usuario`);

--
-- Indices de la tabla `roles`
--
ALTER TABLE `roles`
  ADD PRIMARY KEY (`id_rol`);

--
-- Indices de la tabla `sonda`
--
ALTER TABLE `sonda`
  ADD PRIMARY KEY (`id_sonda`),
  ADD KEY `fk_sonda_parcela` (`id_parcela`);

--
-- Indices de la tabla `usuario`
--
ALTER TABLE `usuario`
  ADD PRIMARY KEY (`id_usuario`),
  ADD KEY `fk_usuario_cliente` (`id_cliente`),
  ADD KEY `fk_usuario_roles` (`id_rol`);

--
-- AUTO_INCREMENT de las tablas volcadas
--

--
-- AUTO_INCREMENT de la tabla `campo`
--
ALTER TABLE `campo`
  MODIFY `id_campo` int(11) NOT NULL AUTO_INCREMENT, AUTO_INCREMENT=4;

--
-- AUTO_INCREMENT de la tabla `cliente`
--
ALTER TABLE `cliente`
  MODIFY `id_cliente` int(11) NOT NULL AUTO_INCREMENT, AUTO_INCREMENT=4;

--
-- AUTO_INCREMENT de la tabla `coordenadas`
--
ALTER TABLE `coordenadas`
  MODIFY `id_coordenada` int(11) NOT NULL AUTO_INCREMENT, AUTO_INCREMENT=34;

--
-- AUTO_INCREMENT de la tabla `medicion`
--
ALTER TABLE `medicion`
  MODIFY `id_medicion` int(11) NOT NULL AUTO_INCREMENT, AUTO_INCREMENT=1467;

--
-- AUTO_INCREMENT de la tabla `parcela`
--
ALTER TABLE `parcela`
  MODIFY `id_parcela` int(11) NOT NULL AUTO_INCREMENT, AUTO_INCREMENT=10;

--
-- AUTO_INCREMENT de la tabla `permisos_usuarios`
--
ALTER TABLE `permisos_usuarios`
  MODIFY `id_permiso` int(11) NOT NULL AUTO_INCREMENT, AUTO_INCREMENT=24;

--
-- AUTO_INCREMENT de la tabla `roles`
--
ALTER TABLE `roles`
  MODIFY `id_rol` int(11) NOT NULL AUTO_INCREMENT, AUTO_INCREMENT=5;

--
-- AUTO_INCREMENT de la tabla `sonda`
--
ALTER TABLE `sonda`
  MODIFY `id_sonda` int(11) NOT NULL AUTO_INCREMENT, AUTO_INCREMENT=8;

--
-- AUTO_INCREMENT de la tabla `usuario`
--
ALTER TABLE `usuario`
  MODIFY `id_usuario` int(11) NOT NULL AUTO_INCREMENT, AUTO_INCREMENT=31;

--
-- Restricciones para tablas volcadas
--

--
-- Filtros para la tabla `campo`
--
ALTER TABLE `campo`
  ADD CONSTRAINT `fk_campo_cliente` FOREIGN KEY (`id_cliente`) REFERENCES `cliente` (`id_cliente`);

--
-- Filtros para la tabla `coordenadas`
--
ALTER TABLE `coordenadas`
  ADD CONSTRAINT `fk_coordenada_parcela` FOREIGN KEY (`id_parcela`) REFERENCES `parcela` (`id_parcela`) ON DELETE CASCADE ON UPDATE CASCADE;

--
-- Filtros para la tabla `medicion`
--
ALTER TABLE `medicion`
  ADD CONSTRAINT `fk_medicion_parcela` FOREIGN KEY (`id_parcela`) REFERENCES `parcela` (`id_parcela`) ON DELETE CASCADE ON UPDATE CASCADE,
  ADD CONSTRAINT `fk_medicion_sonda` FOREIGN KEY (`id_sonda`) REFERENCES `sonda` (`id_sonda`) ON DELETE CASCADE ON UPDATE CASCADE;

--
-- Filtros para la tabla `parcela`
--
ALTER TABLE `parcela`
  ADD CONSTRAINT `fk_parcela_campo` FOREIGN KEY (`id_campo`) REFERENCES `campo` (`id_campo`) ON DELETE CASCADE ON UPDATE CASCADE;

--
-- Filtros para la tabla `permisos_usuarios`
--
ALTER TABLE `permisos_usuarios`
  ADD CONSTRAINT `pk_parcela_usuario` FOREIGN KEY (`id_parcela`) REFERENCES `parcela` (`id_parcela`) ON DELETE CASCADE ON UPDATE CASCADE,
  ADD CONSTRAINT `pk_usuario_parcela` FOREIGN KEY (`id_usuario`) REFERENCES `usuario` (`id_usuario`) ON DELETE CASCADE ON UPDATE CASCADE;

--
-- Filtros para la tabla `sonda`
--
ALTER TABLE `sonda`
  ADD CONSTRAINT `fk_sonda_parcela` FOREIGN KEY (`id_parcela`) REFERENCES `parcela` (`id_parcela`) ON DELETE CASCADE ON UPDATE CASCADE;

--
-- Filtros para la tabla `usuario`
--
ALTER TABLE `usuario`
  ADD CONSTRAINT `fk_usuario_cliente` FOREIGN KEY (`id_cliente`) REFERENCES `cliente` (`id_cliente`),
  ADD CONSTRAINT `fk_usuario_roles` FOREIGN KEY (`id_rol`) REFERENCES `roles` (`id_rol`);
COMMIT;

/*!40101 SET CHARACTER_SET_CLIENT=@OLD_CHARACTER_SET_CLIENT */;
/*!40101 SET CHARACTER_SET_RESULTS=@OLD_CHARACTER_SET_RESULTS */;
/*!40101 SET COLLATION_CONNECTION=@OLD_COLLATION_CONNECTION */;
